id,first_name,last_name,email,gender,ip_address,flight_number,airline,origin,destination,departure_date,departure_time,arrival_date,arrival_time,gate,status
4,Gardy,Whatman,gwhatman3@microsoft.com,Male,168.223.73.35,7919,Delta,Imtarfa,Capulaan,22/06/2022,3:55 AM,4/2/2022,6:17 PM,B2,On Time
5,Sly,Tuma,stuma4@tamu.edu,Male,187.112.118.233,9066,Delta,Gorelovo,Río Ceballos,29/06/2022,12:32 PM,12/4/2022,2:42 PM,C3,Delayed
7,Bron,Grassett,bgrassett6@businessinsider.com,Male,214.64.131.153,8134,Delta,Arnhem,Yuqian,16/06/2022,3:45 PM,5/17/2022,2:59 PM,C3,On Time
9,Cobbie,Brine,cbrine8@etsy.com,Male,29.109.2.241,7499,United,Chichaoua,São Brás de Alportel,19/06/2022,4:13 AM,3/8/2022,2:39 PM,B2,Delayed
10,Wilden,Scarlon,wscarlon9@google.it,Male,56.240.63.30,347,American,Duisburg,Sungaimaja,19/06/2022,5:45 PM,10/11/2022,9:46 PM,A1,Cancelled
11,Haroun,Bedrosian,hbedrosiana@wiley.com,Male,53.23.105.32,3081,United,Lobanovo,Groznyy,10/06/2022,3:43 PM,7/18/2022,10:20 AM,B2,Delayed
13,Derwin,Stafford,dstaffordc@comsenz.com,Male,56.158.234.61,1266,American,Helin,Dikou,06/06/2022,11:54 AM,12/11/2022,5:02 AM,A1,On Time
14,Billy,Cleft,bcleftd@tamu.edu,Male,26.158.183.242,8168,Delta,Charlotte,Jinshandian,12/06/2022,8:50 AM,6/29/2022,1:05 PM,B2,Delayed
18,Erwin,Gibbens,egibbensh@illinois.edu,Male,67.187.248.110,7906,Delta,El Cobre,Yunlong,11/06/2022,11:46 AM,1/21/2022,8:28 AM,C3,On Time
21,Ali,Bartlam,abartlamk@weather.com,Male,102.238.31.9,245,American,Charxin,Soras,16/06/2022,4:21 AM,3/30/2022,6:16 PM,B2,Cancelled
25,Gram,Scotsbrook,gscotsbrooko@imdb.com,Male,45.61.35.98,884,United,Tortosendo,Pitrufquén,25/06/2022,5:47 AM,3/25/2022,8:42 PM,C3,On Time
26,Maison,Varey,mvareyp@list-manage.com,Male,190.122.47.161,5560,American,Montbéliard,Yŏng-dong,29/06/2022,12:57 AM,12/6/2022,5:03 AM,A1,Delayed
31,Judon,Minshall,jminshallu@flickr.com,Male,113.99.136.111,8948,American,Baluk,Bojongsari,26/06/2022,7:25 PM,7/19/2022,10:17 PM,B2,Delayed
35,Danie,Tite,dtitey@salon.com,Male,196.199.42.36,4381,United,Íquira,Peña,19/06/2022,1:10 PM,11/26/2022,10:26 AM,A1,Delayed
36,Davin,Bithany,dbithanyz@ucoz.com,Male,187.81.154.165,5776,American,Gaojiazhuang,Aricapampa,15/06/2022,2:15 PM,11/18/2022,8:27 PM,B2,On Time
37,Sven,Pomroy,spomroy10@redcross.org,Male,105.35.33.253,3602,United,Aborlan,Steinkjer,05/06/2022,4:42 PM,11/28/2022,4:16 AM,C3,Cancelled
39,Reider,Stanfield,rstanfield12@bloglines.com,Male,122.120.142.154,2501,United,San Rafael,Jieting,13/06/2022,11:36 AM,8/30/2022,11:40 PM,A1,On Time
40,Davey,Osmund,dosmund13@geocities.com,Male,202.128.251.194,4618,United,Shuiying,Lubumbashi,10/06/2022,9:27 AM,5/24/2022,12:06 AM,B2,Cancelled
42,Jon,Hammand,jhammand15@yahoo.com,Male,24.205.102.146,4179,American,Kalmar,Norfolk,21/06/2022,5:41 PM,8/2/2022,4:44 PM,A1,Delayed
44,Huntlee,Peaple,hpeaple17@php.net,Male,26.176.42.246,7799,Delta,Palestina,Xiaoshan,13/06/2022,6:20 AM,6/11/2022,3:23 AM,B2,Delayed
49,Cleve,Toth,ctoth1c@google.nl,Male,191.69.115.132,1563,American,Beloostrov,Stadtbredimus,17/06/2022,5:22 PM,1/18/2022,4:02 PM,A1,On Time
50,Penny,Clunie,pclunie1d@prweb.com,Male,132.103.197.36,1313,American,Ede,Athmuqam,25/06/2022,4:05 AM,5/27/2022,3:58 AM,C3,On Time
51,Heath,Blackman,hblackman1e@fastcompany.com,Male,140.86.72.88,2023,American,Virovitica,Hekinan,24/06/2022,7:42 PM,4/25/2022,2:31 AM,B2,Delayed
54,Durant,Wakelam,dwakelam1h@fda.gov,Male,241.185.130.89,7725,American,Pau,Santa Rita,04/06/2022,11:58 AM,3/31/2022,3:08 PM,B2,Delayed
56,Hirsch,Emmott,hemmott1j@dyndns.org,Male,244.87.39.225,8699,Delta,Tumpang,Boju,05/06/2022,4:38 AM,7/13/2022,5:05 PM,C3,Cancelled
57,Neale,Frick,nfrick1k@gravatar.com,Male,196.33.88.64,6196,American,Wichian Buri,Āzādshahr,12/06/2022,4:37 PM,4/16/2022,2:50 AM,C3,On Time
58,Dominic,Watkiss,dwatkiss1l@sfgate.com,Male,43.238.196.237,1996,Delta,Dafengdui,Blackfalds,09/06/2022,4:13 AM,4/8/2022,3:15 PM,C3,Cancelled
59,Vladimir,Dusting,vdusting1m@usnews.com,Male,10.196.162.192,5630,Delta,Kowale,Tuchomie,21/06/2022,6:31 PM,3/29/2022,9:24 AM,C3,Cancelled
60,Thatch,Raoult,traoult1n@thetimes.co.uk,Male,87.81.40.104,5179,Delta,Przybyszówka,Pelotas,18/06/2022,5:17 AM,11/10/2022,2:51 AM,C3,On Time
62,Luca,Devinn,ldevinn1p@bravesites.com,Male,209.171.4.217,5349,Delta,Rucava,Ghār al Milḩ,30/06/2022,10:41 PM,6/22/2022,6:10 PM,B2,Cancelled
64,Rufe,Natt,rnatt1r@github.com,Male,118.18.38.254,6274,United,Beibei,K Bang,20/06/2022,10:23 AM,10/28/2022,4:38 PM,A1,Cancelled
65,Mallory,Stag,mstag1s@topsy.com,Male,44.28.84.199,657,American,Valdivia,Pio,08/06/2022,12:21 PM,9/25/2022,1:47 AM,B2,Cancelled
69,Bronny,Boarleyson,bboarleyson1w@alibaba.com,Male,23.78.52.212,2279,United,Pindiga,Issy-les-Moulineaux,04/06/2022,11:32 AM,9/16/2022,3:03 PM,A1,Cancelled
74,Johannes,Faiers,jfaiers21@123-reg.co.uk,Male,213.127.119.101,2327,American,Ringin Kembar,Lianrao,06/06/2022,4:46 PM,12/5/2022,4:57 PM,B2,Cancelled
75,Kurtis,Piatek,kpiatek22@washingtonpost.com,Male,220.85.244.95,2825,United,Gualeguaychú,Mauá,20/06/2022,4:55 PM,10/26/2022,7:18 AM,C3,Cancelled
79,Buiron,Parmley,bparmley26@marriott.com,Male,72.13.48.220,7456,American,Salimbalan,Cambas,20/06/2022,5:33 PM,2/10/2022,9:14 PM,C3,Delayed
80,Wallache,Dowsey,wdowsey27@godaddy.com,Male,191.27.143.47,4092,American,Itsandzéni,Tagapul-an,05/06/2022,2:09 AM,9/9/2022,10:48 PM,C3,Delayed
82,Jarrett,Pullen,jpullen29@biblegateway.com,Male,23.205.122.65,482,Delta,Unión,Turangi,29/06/2022,4:20 AM,6/7/2022,4:06 AM,C3,Delayed
83,Brennen,Surgison,bsurgison2a@ihg.com,Male,62.1.5.118,1842,United,Varazqān,San Isidro,21/06/2022,8:52 AM,3/10/2022,7:51 AM,A1,On Time
84,Carlo,Yurasov,cyurasov2b@zdnet.com,Male,168.191.20.206,3639,American,Tilburg,Ulaan-Uul,10/06/2022,1:57 AM,3/14/2022,8:30 AM,B2,On Time
85,Yuri,Kirk,ykirk2c@ycombinator.com,Male,133.174.9.83,1538,Delta,Adolfo Ruiz Cortines,Tanggung,18/06/2022,1:46 PM,4/20/2022,2:27 PM,A1,Delayed
86,Roldan,Salaman,rsalaman2d@sourceforge.net,Male,186.52.195.247,4184,American,Lucban,Cerme Kidul,13/06/2022,8:10 AM,8/13/2022,8:03 PM,B2,Cancelled
87,Vidovik,Becerro,vbecerro2e@slideshare.net,Male,175.85.158.159,1161,United,Sentul,San Jose,10/06/2022,3:38 AM,11/17/2022,3:41 PM,B2,Delayed
90,Ellis,Folcarelli,efolcarelli2h@amazon.co.jp,Male,218.226.102.176,4689,Delta,Stykkishólmur,Bonn,05/06/2022,2:16 PM,3/24/2022,9:03 AM,A1,Cancelled
91,Terencio,Shortin,tshortin2i@shinystat.com,Male,9.89.146.91,7474,Delta,Cardona,San Fernando,02/06/2022,2:18 PM,1/1/2022,3:37 AM,C3,On Time
93,Waiter,Clines,wclines2k@hubpages.com,Male,179.4.111.113,9347,American,Mlimba,Angoulême,25/06/2022,4:27 AM,1/17/2022,3:21 PM,C3,Delayed
94,Hobie,Latliff,hlatliff2l@cafepress.com,Male,56.18.111.47,8154,American,Huangtu,Khorostkiv,15/06/2022,6:58 PM,3/15/2022,2:57 PM,C3,Delayed
95,Bary,Reardon,breardon2m@imageshack.us,Male,165.130.121.38,8170,United,Lutian,Jiufang,25/06/2022,7:37 PM,10/13/2022,9:08 AM,A1,Cancelled
96,Edlin,Darter,edarter2n@independent.co.uk,Male,111.216.76.45,5653,American,Bao’an,Mikstat,17/06/2022,6:15 AM,7/16/2022,5:09 AM,B2,Delayed
97,Rodrigo,Cambden,rcambden2o@indiegogo.com,Male,193.243.224.221,8369,United,Lhakangtang,Peroguarda,27/06/2022,3:41 AM,7/19/2022,5:18 AM,C3,Cancelled
98,Cleavland,Girardot,cgirardot2p@marketwatch.com,Male,191.236.105.231,1545,American,Hushi,Strizhi,20/06/2022,3:38 PM,6/18/2022,9:02 PM,B2,Cancelled
99,Engelbert,Wardrope,ewardrope2q@blogtalkradio.com,Male,219.224.148.62,2155,American,Los Pinos,Elías,18/06/2022,10:01 PM,2/27/2022,12:26 AM,B2,Delayed
104,Winslow,Parsand,wparsand2v@umn.edu,Male,11.14.165.10,8836,American,Zhudian,Yuli,01/06/2022,3:36 AM,11/3/2022,5:55 PM,A1,On Time
105,Farley,Piffe,fpiffe2w@webs.com,Male,205.75.62.89,8456,Delta,Mastung,Soufrière,20/06/2022,7:08 PM,9/3/2022,4:25 PM,C3,Delayed
107,Aldwin,Skouling,askouling2y@1und1.de,Male,120.225.99.203,2689,United,Stepojevac,Złota,05/06/2022,1:59 PM,11/30/2022,10:25 AM,C3,Delayed
112,Ber,McKeran,bmckeran33@va.gov,Male,145.17.88.152,1489,Delta,Yanyang,Baziqiao,23/06/2022,1:27 PM,4/21/2022,3:41 PM,A1,On Time
113,Hodge,Mathon,hmathon34@creativecommons.org,Male,38.125.19.113,1997,United,Akashi,Guanzhuang,02/06/2022,7:57 PM,5/16/2022,12:13 PM,A1,On Time
116,Nickie,Mosdall,nmosdall37@lycos.com,Male,117.24.171.72,9874,American,Vatutino,Washington,21/06/2022,4:16 AM,7/12/2022,6:45 PM,A1,Delayed
119,Mikey,Danielli,mdanielli3a@virginia.edu,Male,210.255.126.38,1908,American,Bollène,Norfolk County,15/06/2022,2:57 PM,9/8/2022,4:30 AM,C3,On Time
120,Tobe,Wortley,twortley3b@opensource.org,Male,30.152.62.41,6122,American,Curepipe,La Reforma,12/06/2022,7:09 AM,10/14/2022,8:41 AM,A1,Delayed
122,Holden,Moralee,hmoralee3d@tumblr.com,Male,19.22.72.11,2997,American,Salamá,Cambará,26/06/2022,10:53 PM,9/8/2022,7:00 AM,B2,Delayed
124,Harwilll,Charge,hcharge3f@sitemeter.com,Male,42.202.204.126,1472,United,Saint-Gratien,Imaichi,04/06/2022,1:20 AM,11/6/2022,9:49 AM,C3,On Time
125,Kendal,Betjes,kbetjes3g@skype.com,Male,22.159.101.74,3864,United,Corralillo,Liloan,17/06/2022,4:05 PM,2/22/2022,3:38 AM,B2,Cancelled
127,Tristam,Battyll,tbattyll3i@hubpages.com,Male,95.233.118.203,3162,Delta,Dabachang,Caraballeda,21/06/2022,4:48 PM,7/3/2022,6:23 PM,C3,Delayed
129,Orin,Schollick,oschollick3k@arizona.edu,Male,126.236.210.189,3168,American,Gaotuo,Valmiera,27/06/2022,1:54 AM,1/14/2022,1:27 AM,A1,On Time
131,Symon,Boner,sboner3m@ox.ac.uk,Male,38.26.202.132,1769,United,Pingdu,Camp Diable,27/06/2022,5:10 PM,1/17/2022,5:42 PM,C3,Delayed
133,Hodge,St. Quintin,hstquintin3o@ted.com,Male,73.10.193.203,3820,United,Gabrovo,Pargas,08/06/2022,11:54 PM,3/4/2022,12:53 PM,C3,On Time
135,Ezekiel,Goranov,egoranov3q@huffingtonpost.com,Male,211.99.219.222,1479,Delta,Bunigeulis,Roliça,08/06/2022,1:11 PM,11/14/2022,5:21 AM,A1,On Time
136,Ced,Moston,cmoston3r@e-recht24.de,Male,223.7.16.13,403,United,Riverton,Orerokpe,26/06/2022,10:19 AM,7/11/2022,3:03 PM,B2,Delayed
137,Marlowe,Doud,mdoud3s@wikimedia.org,Male,83.103.107.38,805,American,Kagoro,Katagum,04/06/2022,8:00 PM,9/1/2022,4:09 PM,B2,On Time
138,Irwin,Tibalt,itibalt3t@imageshack.us,Male,146.98.190.58,6852,Delta,Vischongo,Xiashu,11/06/2022,1:11 PM,6/3/2022,6:53 AM,B2,Delayed
140,Marten,Upton,mupton3v@usatoday.com,Male,40.208.139.188,3861,American,Los Palacios,Buffalo,08/06/2022,2:58 PM,3/9/2022,10:20 AM,C3,On Time
141,Randy,Heminsley,rheminsley3w@blogs.com,Male,176.126.180.53,9692,American,Santiago Atitlán,Parczew,10/06/2022,10:58 PM,8/8/2022,1:18 AM,A1,Delayed
146,Brandy,Mathe,bmathe41@wisc.edu,Male,131.55.115.183,7982,American,Manola,Juigalpa,13/06/2022,4:13 AM,9/4/2022,7:31 PM,B2,Cancelled
147,Devy,Bricket,dbricket42@vinaora.com,Male,196.132.109.248,8898,American,Selizharovo,Hamilton,19/06/2022,1:16 PM,12/22/2022,6:53 PM,B2,On Time
149,Alfie,Bowne,abowne44@comcast.net,Male,178.51.176.55,1564,Delta,São Roque,San Juan,03/06/2022,10:18 PM,1/24/2022,8:11 PM,C3,On Time
151,Davy,Ewbanck,dewbanck46@globo.com,Male,146.42.2.218,9591,Delta,Gesing,Los Aquijes,20/06/2022,5:45 AM,2/3/2022,12:20 AM,A1,On Time
152,Ramon,McCarrick,rmccarrick47@ucsd.edu,Male,25.52.117.247,4309,American,Talmest,Kivijärvi,22/06/2022,8:59 AM,9/17/2022,11:52 AM,A1,Delayed
153,Grantley,Bidewell,gbidewell48@examiner.com,Male,248.118.16.38,9580,Delta,La Fortuna,Huayuan,28/06/2022,9:36 PM,8/26/2022,4:36 PM,C3,On Time
157,Homere,Brussels,hbrussels4c@ebay.com,Male,54.78.174.178,269,American,Ettelbruck,Xilong,24/06/2022,8:26 AM,2/20/2022,1:04 AM,A1,Delayed
159,Boycie,Slinger,bslinger4e@fda.gov,Male,8.250.147.222,256,American,Baikui,Pederneiras,18/06/2022,2:06 PM,3/13/2022,7:14 PM,B2,Delayed
163,Ramsay,Wilfing,rwilfing4i@tripadvisor.com,Male,22.25.60.249,6660,United,Dzagam,Pā’īn-e Bāzār-e Rūdbār,21/06/2022,2:03 PM,1/12/2022,2:10 PM,B2,On Time
165,Lennard,Tee,ltee4k@gov.uk,Male,91.120.124.78,2443,United,Matlang,Shabel’skoye,07/06/2022,7:06 AM,10/7/2022,1:33 AM,A1,Delayed
169,Carny,Trood,ctrood4o@spiegel.de,Male,254.210.198.163,9562,American,Trŭn,Orhei,22/06/2022,4:00 PM,2/22/2022,9:45 PM,C3,Cancelled
171,Obidiah,Camocke,ocamocke4q@wunderground.com,Male,27.133.176.178,9049,Delta,Milwaukee,Chapayevka,22/06/2022,3:13 PM,5/1/2022,10:00 AM,C3,Delayed
172,Yanaton,Zorzutti,yzorzutti4r@cocolog-nifty.com,Male,185.123.54.19,4524,Delta,Rajhrad,Barbosa,22/06/2022,7:26 AM,10/7/2022,3:59 PM,C3,Cancelled
175,Rafael,Pitkeathly,rpitkeathly4u@chicagotribune.com,Male,17.83.130.68,6411,American,Ulricehamn,Emiliano Zapata,28/06/2022,12:02 PM,10/12/2022,3:07 PM,B2,Cancelled
177,Hewie,Torrejon,htorrejon4w@sphinn.com,Male,241.217.24.113,2882,United,Palatine,Viljandi,01/06/2022,2:32 AM,10/10/2022,10:31 AM,C3,Cancelled
178,Sheff,Scryne,sscryne4x@home.pl,Male,161.123.17.171,8303,United,Skhodnitsa,Nagasari,25/06/2022,2:19 PM,7/12/2022,6:20 PM,C3,On Time
179,Tito,Seakings,tseakings4y@baidu.com,Male,219.227.229.46,2701,United,Amgalang,Minggang,27/06/2022,10:58 PM,3/25/2022,11:03 PM,A1,On Time
180,Winfred,O'Mara,womara4z@vkontakte.ru,Male,74.208.164.197,2633,Delta,Nor Yerznka,Loudi,30/06/2022,6:55 PM,1/1/2022,5:57 PM,C3,On Time
183,Allan,Ganiclef,aganiclef52@cloudflare.com,Male,207.231.100.28,8372,United,Kuala Lumpur,Krajan Srigonco,12/06/2022,8:01 AM,1/27/2022,11:24 AM,B2,Cancelled
184,Bret,Pendred,bpendred53@yandex.ru,Male,201.7.108.230,2502,Delta,Pamotan,Motygino,01/06/2022,6:28 PM,11/12/2022,2:43 PM,A1,Delayed
185,Josh,Gerasch,jgerasch54@photobucket.com,Male,200.191.188.190,2118,United,Gadzhiyevo,Curepipe,22/06/2022,6:51 PM,9/10/2022,11:13 PM,A1,On Time
186,Felic,Snarr,fsnarr55@linkedin.com,Male,42.138.218.35,6365,United,Skhodnitsa,Dengmingsi,03/06/2022,11:19 PM,5/15/2022,10:13 AM,A1,Delayed
188,Kin,Andree,kandree57@skype.com,Male,213.115.101.97,7271,United,Huixian Chengguanzhen,Jingyang,02/06/2022,2:15 AM,11/6/2022,7:29 AM,C3,On Time
189,Alaster,Whordley,awhordley58@clickbank.net,Male,226.40.96.170,6851,Delta,Kuje,Vinkkilä,12/06/2022,5:32 PM,7/25/2022,10:01 AM,A1,Cancelled
190,Glendon,Hullbrook,ghullbrook59@surveymonkey.com,Male,189.228.58.217,8665,American,Ribeira das Taínhas,Fenhe,26/06/2022,10:18 PM,8/24/2022,8:11 AM,A1,Cancelled
194,Waylin,Longo,wlongo5d@wired.com,Male,160.86.89.103,4329,Delta,Nangalimang,Kadukandel,07/06/2022,7:45 PM,3/30/2022,3:57 PM,B2,Cancelled
197,Shannon,Christopherson,schristopherson5g@altervista.org,Male,157.3.186.31,2615,American,Le Puy-en-Velay,Cakran,17/06/2022,1:32 PM,6/26/2022,8:58 AM,B2,Cancelled
198,Kristofer,Parsall,kparsall5h@twitter.com,Male,230.23.176.227,3341,United,Levin,Taitung City,06/06/2022,2:22 AM,5/7/2022,7:38 PM,C3,Delayed
201,Marty,Rowthorne,mrowthorne5k@mit.edu,Male,186.131.33.154,2764,Delta,Mikhaylovsk,Plandirejo,08/06/2022,11:34 AM,6/6/2022,3:59 AM,C3,Delayed
202,Peter,Drummond,pdrummond5l@liveinternet.ru,Male,151.105.59.23,5432,Delta,Tangquan,Gaur,21/06/2022,11:21 PM,2/2/2022,3:23 AM,B2,On Time
205,Leonidas,Ferreras,lferreras5o@wisc.edu,Male,8.144.0.42,4594,United,Yangyong,Kunri,24/06/2022,10:54 AM,6/21/2022,10:26 AM,C3,Delayed
208,Daven,Probart,dprobart5r@sohu.com,Male,168.97.227.204,7391,American,Bambanglipuro,Bacacay,21/06/2022,7:40 AM,3/7/2022,3:57 PM,B2,Cancelled
212,Gabbie,Chambers,gchambers5v@bloglines.com,Male,150.45.157.116,7864,United,Kuching,Tashla,22/06/2022,10:52 AM,9/1/2022,1:12 AM,C3,Cancelled
215,Jared,Belch,jbelch5y@globo.com,Male,66.76.175.8,3401,Delta,Xijiao,Sukawaris,10/06/2022,4:20 AM,12/9/2022,4:59 AM,B2,Cancelled
216,Willis,Elsmore,welsmore5z@tumblr.com,Male,57.79.180.237,1599,American,Wangkung,Tari,09/06/2022,9:37 PM,11/10/2022,10:29 PM,A1,Delayed
219,Marlow,Gerber,mgerber62@alexa.com,Male,217.8.20.64,5010,Delta,Kayar,Tanshi,14/06/2022,5:11 PM,6/4/2022,3:14 PM,C3,Cancelled
228,Boycey,Dewane,bdewane6b@ucsd.edu,Male,88.33.131.45,728,Delta,Feikeng,Bruxelles,27/06/2022,8:26 PM,6/18/2022,5:44 PM,C3,Cancelled
231,Englebert,Lissaman,elissaman6e@twitter.com,Male,64.2.231.240,2656,American,Temayang,Jinzhuang,24/06/2022,8:49 AM,1/16/2022,7:56 AM,C3,On Time
236,Yul,Rive,yrive6j@tmall.com,Male,117.208.161.212,1065,Delta,Qiandong,Zhongzhang,02/06/2022,6:31 PM,7/28/2022,7:21 AM,C3,On Time
239,Clayton,Clifford,cclifford6m@walmart.com,Male,235.145.8.175,5824,United,Zhongzhou,Batulawang,17/06/2022,4:25 AM,10/6/2022,7:22 PM,B2,On Time
240,Rickie,Leeburn,rleeburn6n@gravatar.com,Male,46.158.28.136,6885,United,Leština,Arneiro,22/06/2022,8:54 AM,12/19/2022,10:22 AM,A1,Delayed
247,Gregorio,Iannazzi,giannazzi6u@salon.com,Male,34.66.207.227,4906,American,San Julian,Petite Rivière de Nippes,28/06/2022,11:32 AM,12/8/2022,12:50 AM,A1,Cancelled
249,Conny,Petrolli,cpetrolli6w@google.com,Male,224.157.22.102,1658,United,Uchkeken,Agoncillo,16/06/2022,1:40 AM,11/10/2022,7:54 PM,A1,On Time
252,Gordy,Aberchirder,gaberchirder6z@infoseek.co.jp,Male,110.61.189.206,135,Delta,Fukuechō,Sobinka,10/06/2022,2:18 PM,9/12/2022,4:32 AM,A1,On Time
253,Kermie,Pfaffel,kpfaffel70@ed.gov,Male,138.70.53.117,5553,American,Banikoara,Jiaoxie,08/06/2022,2:27 PM,2/4/2022,6:04 PM,C3,Delayed
254,Munroe,Lerway,mlerway71@list-manage.com,Male,165.76.110.120,8811,United,Springfield,Wińsko,20/06/2022,9:57 AM,6/25/2022,5:17 PM,A1,Cancelled
256,Patricio,Hobgen,phobgen73@constantcontact.com,Male,10.35.117.134,9937,American,Lianhe,Beirut,10/06/2022,7:37 PM,6/6/2022,11:18 PM,C3,On Time
260,Hobey,Caltun,hcaltun77@sohu.com,Male,210.223.5.202,2753,Delta,Koni-Djodjo,Yelyzavethradka,11/06/2022,6:05 PM,1/19/2022,4:49 AM,A1,On Time
261,Tremaine,Dmitriev,tdmitriev78@scribd.com,Male,198.226.230.47,3772,Delta,Ibung,Tongqian,18/06/2022,10:48 PM,9/25/2022,2:34 AM,A1,Cancelled
266,Kristian,Lagden,klagden7d@jalbum.net,Male,134.192.143.152,513,United,Erdaocha,Xubu,25/06/2022,8:22 PM,5/15/2022,10:32 PM,B2,Cancelled
267,Chrissy,Dumbare,cdumbare7e@people.com.cn,Male,95.56.64.241,873,United,Donduşeni,Serikbuya,25/06/2022,1:32 AM,7/15/2022,10:52 AM,C3,On Time
271,Perkin,Bailess,pbailess7i@sfgate.com,Male,7.164.151.113,8190,Delta,Muraharjo,Nizhnyaya Omka,15/06/2022,2:42 PM,7/28/2022,4:32 PM,A1,On Time
273,Ky,Allaway,kallaway7k@jigsy.com,Male,77.8.192.45,5471,United,Gulou,Phayao,22/06/2022,11:04 AM,9/9/2022,2:52 AM,B2,Cancelled
277,Daryl,Franies,dfranies7o@purevolume.com,Male,9.202.168.173,9785,Delta,Deauville,Iberia,21/06/2022,1:30 PM,10/9/2022,6:15 AM,C3,Delayed
278,Peyter,Morphey,pmorphey7p@wsj.com,Male,50.26.22.46,7143,United,São João do Campo,Monte Leite,20/06/2022,2:33 PM,5/11/2022,9:49 AM,B2,Cancelled
280,Esdras,Musson,emusson7r@privacy.gov.au,Male,167.136.125.26,2088,United,Guyancourt,Arrabal,03/06/2022,11:33 AM,6/9/2022,3:10 AM,C3,Cancelled
281,Montgomery,McCrea,mmccrea7s@geocities.jp,Male,22.151.35.169,3939,American,El Lolo,Guyi,28/06/2022,12:52 AM,10/26/2022,4:44 PM,B2,Delayed
283,North,Wybern,nwybern7u@latimes.com,Male,12.51.207.34,7200,Delta,Sainte-Thérèse,Sydney,28/06/2022,4:23 PM,11/29/2022,1:33 AM,B2,On Time
285,Fabio,Tellenbrook,ftellenbrook7w@plala.or.jp,Male,112.122.212.235,2656,American,New Pandanon,Anniston,17/06/2022,7:48 AM,3/23/2022,4:22 AM,C3,Delayed
292,Gothart,Glaze,gglaze83@nationalgeographic.com,Male,149.160.117.191,8874,American,Kachar,Heqiao,13/06/2022,12:00 PM,7/16/2022,4:31 PM,B2,Delayed
293,Moe,Worsfold,mworsfold84@myspace.com,Male,94.223.25.120,2357,American,Täby,Aleksandrovskiy Zavod,17/06/2022,11:49 PM,4/18/2022,5:51 PM,A1,Cancelled
296,Mike,Armistead,marmistead87@woothemes.com,Male,83.148.198.22,2432,United,Agdangan,Palama,19/06/2022,1:17 AM,7/11/2022,3:54 PM,B2,On Time
299,Grady,Jelkes,gjelkes8a@europa.eu,Male,209.31.106.31,9476,United,Hidalgo,Floirac,10/06/2022,11:54 AM,10/1/2022,12:38 AM,A1,Cancelled
300,Henderson,Opie,hopie8b@bbb.org,Male,19.58.251.140,6524,American,Zhaiwu,Nuštar,19/06/2022,1:30 PM,9/19/2022,11:08 PM,C3,On Time
302,Andrey,Garmans,agarmans8d@businesswire.com,Male,46.154.156.247,5917,American,Mekarsari,Darkūsh,11/06/2022,11:45 AM,9/6/2022,11:01 PM,C3,On Time
304,Stavros,Tomblin,stomblin8f@a8.net,Male,26.12.183.112,3120,Delta,Janakkala,Zhamog,27/06/2022,6:48 PM,5/6/2022,8:23 PM,A1,Delayed
308,Allister,Brierley,abrierley8j@ycombinator.com,Male,104.109.224.114,8779,United,Ribeirão da Ilha,Pedrogão,08/06/2022,2:12 AM,5/6/2022,8:43 AM,C3,On Time
310,Lothaire,Pragnell,lpragnell8l@buzzfeed.com,Male,218.79.185.56,9192,United,Mýto,Grijó,07/06/2022,3:48 AM,12/6/2022,12:37 AM,B2,Cancelled
311,Martino,Wooldridge,mwooldridge8m@last.fm,Male,20.238.162.227,2142,United,Likupang,Timpas,30/06/2022,8:04 PM,5/18/2022,7:44 AM,A1,Delayed
312,Charlton,Olennikov,colennikov8n@fema.gov,Male,210.120.98.255,4740,Delta,Aleksandrovsk-Sakhalinskiy,Terangun,23/06/2022,3:11 PM,4/8/2022,4:27 AM,A1,Cancelled
315,Earvin,Wilkins,ewilkins8q@marriott.com,Male,81.49.22.252,8323,American,Shiren,Budapest,03/06/2022,1:54 AM,4/20/2022,7:45 AM,A1,Delayed
316,Ramsey,Leguay,rleguay8r@geocities.com,Male,3.104.133.177,4924,American,Ereira,Cut-cut Primero,12/06/2022,3:37 AM,5/26/2022,3:01 PM,A1,On Time
317,Mikel,Theobalds,mtheobalds8s@ebay.co.uk,Male,164.239.248.47,2431,American,Seupakat,Tayturka,02/06/2022,10:16 PM,8/11/2022,1:11 PM,A1,Delayed
318,Darren,Antonovic,dantonovic8t@ask.com,Male,138.104.11.44,9798,Delta,Lazdijai,Göteborg,10/06/2022,3:31 PM,4/7/2022,1:08 PM,A1,Cancelled
319,Pooh,McIlharga,pmcilharga8u@guardian.co.uk,Male,186.49.143.81,3262,American,Nishiwaki,Entre Rios,06/06/2022,12:49 PM,9/26/2022,6:45 PM,A1,Cancelled
321,Rinaldo,Oldis,roldis8w@google.com.au,Male,2.114.219.205,6298,United,Kuala Terengganu,Gongchenqiao,25/06/2022,1:53 AM,9/15/2022,2:02 PM,C3,On Time
326,Hanan,Camilleri,hcamilleri91@alibaba.com,Male,146.253.248.77,3903,Delta,Dabai,At-Bashi,23/06/2022,10:52 AM,4/20/2022,12:27 AM,C3,Delayed
328,Caesar,Hurling,churling93@washington.edu,Male,255.62.111.23,3961,American,San Gregorio,Altenberg bei Linz,09/06/2022,6:39 PM,11/15/2022,1:56 AM,C3,Delayed
329,Killie,Coatsworth,kcoatsworth94@latimes.com,Male,220.255.241.106,5443,United,Yilongyong,Cirumput,27/06/2022,4:24 AM,3/23/2022,9:00 PM,A1,Delayed
331,Pren,Jacobson,pjacobson96@fda.gov,Male,89.82.95.10,3205,United,Lukolela,Kon Dơng,18/06/2022,7:12 PM,7/15/2022,7:33 AM,B2,Cancelled
332,Mandel,Skelbeck,mskelbeck97@csmonitor.com,Male,36.136.19.248,1219,United,Nelson,Dinan,20/06/2022,9:56 PM,3/28/2022,9:03 PM,A1,Delayed
333,Quillan,Okenden,qokenden98@gmpg.org,Male,245.218.20.179,3617,Delta,Da Nang,Novallas,14/06/2022,8:53 AM,6/19/2022,10:16 PM,B2,Delayed
334,Phil,Isherwood,pisherwood99@state.gov,Male,144.70.126.188,3763,United,Gremyachinsk,Straszydle,01/06/2022,7:59 PM,12/15/2022,9:55 AM,A1,Delayed
337,Hobie,Ivanyushkin,hivanyushkin9c@joomla.org,Male,247.75.147.182,5377,Delta,Charleston,Leppävirta,02/06/2022,9:00 PM,11/14/2022,4:12 PM,C3,Cancelled
338,Jess,Wackley,jwackley9d@macromedia.com,Male,211.205.245.117,6923,Delta,Vårgårda,Křenovice,14/06/2022,11:49 PM,11/1/2022,8:56 PM,B2,Cancelled
339,Gifford,O'Noland,gonoland9e@list-manage.com,Male,115.68.70.236,7182,United,Jixiang,Mata,16/06/2022,9:36 PM,10/19/2022,2:58 AM,B2,Delayed
342,Koenraad,Havelin,khavelin9h@sciencedirect.com,Male,18.252.231.230,337,Delta,Omīdcheh,Zhendeqiao,19/06/2022,9:13 AM,8/14/2022,6:00 AM,C3,Delayed
343,Jay,Linley,jlinley9i@kickstarter.com,Male,223.203.109.108,5411,United,Regimin,Beigao,05/06/2022,9:54 PM,11/30/2022,5:02 PM,B2,On Time
345,Caddric,Haselgrove,chaselgrove9k@toplist.cz,Male,38.94.223.41,7402,Delta,Szydłowo,Kawangu Satu,21/06/2022,10:02 AM,9/27/2022,1:35 AM,C3,Delayed
346,Irving,Crother,icrother9l@pbs.org,Male,34.213.64.40,6290,United,Tiwi,Qiaobian,24/06/2022,10:22 AM,6/14/2022,3:32 AM,B2,Cancelled
348,Staford,Hawsby,shawsby9n@csmonitor.com,Male,14.208.141.181,6197,Delta,Kadubincarung,Turmi,05/06/2022,8:08 PM,7/19/2022,9:30 PM,C3,Delayed
350,Neal,Vick,nvick9p@cbc.ca,Male,3.233.217.154,4622,Delta,Xinzhou,Prestea,29/06/2022,1:59 PM,4/30/2022,10:37 PM,B2,On Time
351,Tymothy,Caron,tcaron9q@globo.com,Male,64.63.107.172,5830,American,Tiel,Tanahgrogot,13/06/2022,11:58 PM,3/18/2022,7:59 PM,A1,Delayed
355,Mahmoud,Damrell,mdamrell9u@google.es,Male,14.146.156.138,3706,American,Słupno,San Pedro Masahuat,01/06/2022,7:05 AM,1/13/2022,8:34 AM,C3,Cancelled
356,Natale,Finlaison,nfinlaison9v@yolasite.com,Male,215.1.194.87,5056,Delta,Weitang,Azacualpa,01/06/2022,4:56 PM,2/2/2022,5:05 PM,B2,On Time
358,Lester,Degenhardt,ldegenhardt9x@quantcast.com,Male,131.189.107.130,3175,United,Sagay,Karangparwa,10/06/2022,10:02 AM,1/19/2022,3:37 PM,C3,Delayed
360,Montgomery,Lanon,mlanon9z@xing.com,Male,201.172.152.222,9863,American,Kekeran,Tampa,02/06/2022,12:26 PM,11/27/2022,8:51 AM,A1,On Time
366,Arch,Gwioneth,agwionetha5@theglobeandmail.com,Male,64.105.220.47,5928,Delta,Akron,Hvar,04/06/2022,8:13 AM,9/28/2022,8:58 PM,C3,Delayed
367,Ezekiel,Kornalik,ekornalika6@google.cn,Male,131.91.105.39,9678,American,Takayama,Taung,11/06/2022,3:26 PM,8/23/2022,10:59 AM,C3,On Time
368,Gare,Bawcock,gbawcocka7@cisco.com,Male,142.11.184.56,3334,Delta,Jiaozhou,Siparia,29/06/2022,4:35 PM,9/27/2022,3:00 AM,B2,Cancelled
369,Daven,Palluschek,dpalluscheka8@wp.com,Male,151.34.209.1,4608,United,Kamieniec Podolski,Liudu,27/06/2022,5:26 AM,3/10/2022,8:25 AM,A1,Delayed
370,Fields,Sesser,fsessera9@washington.edu,Male,104.109.126.79,7047,American,Ponta da Garça,Lao Suea Kok,16/06/2022,12:58 AM,2/11/2022,12:20 AM,C3,Delayed
371,Lanie,Restill,lrestillaa@linkedin.com,Male,172.157.122.212,6474,United,Sanqishi,San Andres,05/06/2022,12:54 AM,5/9/2022,5:45 PM,B2,On Time
374,Derby,Brandino,dbrandinoad@jigsy.com,Male,105.206.189.187,8317,United,Dębnica Kaszubska,Chedao,18/06/2022,3:01 PM,6/17/2022,7:56 PM,A1,On Time
375,Allister,Danslow,adanslowae@mtv.com,Male,170.155.21.33,3360,American,Preston,Mababanaba,09/06/2022,11:17 PM,10/14/2022,8:07 AM,B2,Cancelled
377,Yank,Esp,yespag@netlog.com,Male,180.136.123.227,494,Delta,Boca de Parita,Jianxi,09/06/2022,7:55 PM,4/29/2022,10:41 PM,B2,Cancelled
378,Bren,Flay,bflayah@arizona.edu,Male,2.42.113.51,5141,United,Boston,Pępowo,18/06/2022,6:54 PM,4/30/2022,7:43 PM,C3,Delayed
379,Irwin,Rival,irivalai@desdev.cn,Male,75.192.189.243,2257,United,Wenquan,Wuci,07/06/2022,11:09 PM,9/1/2022,5:29 PM,B2,Cancelled
380,Quincy,Fontel,qfontelaj@twitpic.com,Male,156.237.56.233,5720,American,Kesambilerenkrajan,Ganlin,07/06/2022,1:40 PM,1/7/2022,2:57 AM,A1,Cancelled
390,Burty,Cogin,bcoginat@amazon.com,Male,92.229.37.170,8232,Delta,Adare,Lelystad,21/06/2022,1:14 AM,2/28/2022,3:29 AM,B2,On Time
391,Nikolaos,Lavelle,nlavelleau@upenn.edu,Male,166.45.228.72,4003,United,Châlons-en-Champagne,Biała,08/06/2022,11:18 AM,1/2/2022,1:41 AM,A1,On Time
393,Yves,West,ywestaw@wufoo.com,Male,227.71.180.127,8804,United,Czarne,Lobuni,15/06/2022,6:47 AM,12/29/2022,4:01 PM,C3,On Time
394,Nicolas,Leetham,nleethamax@java.com,Male,215.222.103.173,6094,American,Pervomaysk,Zhangzhishan,06/06/2022,4:59 AM,4/12/2022,7:49 PM,C3,Cancelled
395,Elijah,Emberton,eembertonay@tumblr.com,Male,11.39.101.129,1259,United,Haolaishan,Svetlyy,16/06/2022,2:09 AM,3/19/2022,12:54 PM,C3,On Time
399,Jess,Moreby,jmorebyb2@oakley.com,Male,206.13.1.60,6518,Delta,Laka,Princeville,09/06/2022,4:02 AM,2/20/2022,10:09 PM,C3,On Time
401,Carlie,Gabrieli,cgabrielib4@berkeley.edu,Male,133.79.242.58,6471,American,Foz Giraldo,Yanhe,07/06/2022,10:52 PM,5/29/2022,1:30 AM,C3,Delayed
402,Lyle,McCrossan,lmccrossanb5@pen.io,Male,6.200.100.96,9216,United,Changzhi,Samut Sakhon,25/06/2022,2:43 PM,3/15/2022,11:59 AM,A1,On Time
405,Burtie,Chave,bchaveb8@hc360.com,Male,7.126.92.152,5295,United,San Vicente,Makbon,20/06/2022,1:00 AM,12/30/2022,2:10 PM,B2,Cancelled
408,Kain,Powdrill,kpowdrillbb@kickstarter.com,Male,54.219.89.139,6407,American,Xiangcheng,Beihe,18/06/2022,3:42 AM,5/20/2022,7:31 PM,C3,Cancelled
410,Ernst,Roake,eroakebd@go.com,Male,219.54.60.65,5695,United,Potosí,Luyang,26/06/2022,7:30 PM,9/30/2022,6:49 PM,A1,On Time
413,Bendick,Hindsberg,bhindsbergbg@nih.gov,Male,178.32.89.79,6924,American,Sapu Padidu,Pau,08/06/2022,11:00 PM,4/9/2022,3:56 PM,C3,On Time
414,Garrick,Lambotin,glambotinbh@i2i.jp,Male,215.1.32.131,2338,United,Prostki,Vessada,19/06/2022,4:26 AM,5/27/2022,8:34 PM,B2,On Time
417,Osmond,Paprotny,opaprotnybk@nps.gov,Male,247.31.164.96,1628,American,Fengqiao,Youdian,03/06/2022,11:32 AM,1/6/2022,6:30 AM,C3,Cancelled
418,Rudyard,Roget,rrogetbl@mozilla.com,Male,208.84.148.78,1381,United,Fajsławice,Brändö,30/06/2022,7:54 AM,9/2/2022,3:53 AM,A1,Cancelled
423,Rickert,Thrasher,rthrasherbq@a8.net,Male,147.168.224.249,7591,United,Medenine,Xiasha,04/06/2022,1:35 PM,5/19/2022,3:48 AM,B2,Delayed
424,Kerby,Perkinson,kperkinsonbr@oaic.gov.au,Male,6.5.28.225,2678,United,Siilinjärvi,Jinjiang,30/06/2022,7:27 PM,12/13/2022,1:17 AM,C3,Cancelled
425,Lloyd,Attenbrough,lattenbroughbs@twitpic.com,Male,57.205.135.235,2472,American,Žandov,Palaiseau,22/06/2022,11:05 PM,12/21/2022,10:16 PM,B2,Delayed
427,Ravi,Wind,rwindbu@angelfire.com,Male,213.24.173.143,3898,American,Qaşr al Farāfirah,Mulhouse,12/06/2022,3:56 AM,4/1/2022,4:59 AM,C3,On Time
429,Benedikt,Bullard,bbullardbw@shop-pro.jp,Male,170.142.197.70,4497,American,Birigui,Banjing,19/06/2022,11:11 PM,4/10/2022,4:33 AM,B2,On Time
430,Archer,Hove,ahovebx@joomla.org,Male,65.240.224.64,5880,American,Picungbera,Čair,04/06/2022,9:42 PM,12/29/2022,4:28 AM,A1,On Time
434,Mar,Bartoleyn,mbartoleync1@house.gov,Male,112.255.217.89,5886,Delta,Tenjolaya,Dayr Sharaf,19/06/2022,5:02 PM,12/3/2022,1:03 AM,A1,Cancelled
435,Quinlan,Waything,qwaythingc2@mit.edu,Male,254.199.204.108,8857,Delta,Trondheim,Sūq ar Rabū‘,17/06/2022,7:54 PM,5/6/2022,7:43 AM,A1,On Time
437,Khalil,Strapp,kstrappc4@ebay.com,Male,237.162.201.66,2473,United,Lyamino,Fuqiang,15/06/2022,3:22 PM,7/22/2022,12:52 PM,C3,On Time
439,Levin,Bull,lbullc6@oakley.com,Male,163.132.9.116,8073,United,Stockholm,Candoso,15/06/2022,10:45 AM,5/7/2022,7:07 AM,A1,Cancelled
442,Alwin,Silveston,asilvestonc9@prlog.org,Male,146.12.219.18,3212,Delta,Praia da Barra,Pulautemiang,19/06/2022,7:37 AM,2/15/2022,2:18 AM,B2,Cancelled
447,Elwood,Chennells,echennellsce@japanpost.jp,Male,201.27.105.31,7753,Delta,Qingminghe,Cianorte,23/06/2022,11:03 AM,1/8/2022,8:03 AM,B2,Delayed
451,Darby,Riseam,driseamci@nytimes.com,Male,134.172.241.110,4358,Delta,Duanshen,Lishu,06/06/2022,4:36 PM,4/10/2022,3:57 AM,C3,On Time
452,Logan,Creighton,lcreightoncj@stumbleupon.com,Male,245.161.210.195,5534,American,Cran-Gevrier,Ituberá,04/06/2022,1:16 AM,2/17/2022,8:59 PM,C3,On Time
453,Hillary,Forre,hforreck@bbc.co.uk,Male,72.171.155.94,555,Delta,Ilongero,Baimi,26/06/2022,2:08 AM,12/5/2022,6:23 PM,B2,On Time
455,Lewie,Tokley,ltokleycm@arizona.edu,Male,255.36.215.95,4387,Delta,Wołomin,Dongjie,25/06/2022,12:07 PM,4/28/2022,1:53 PM,B2,Delayed
459,Des,Paddie,dpaddiecq@google.com.au,Male,252.61.213.244,8296,Delta,Bałtów,Pueblo Nuevo,11/06/2022,5:16 AM,4/24/2022,12:25 PM,A1,Delayed
460,Dino,Pelchat,dpelchatcr@com.com,Male,194.203.86.165,9138,United,El Mirador,Kerasochóri,19/06/2022,11:28 PM,10/1/2022,3:26 PM,C3,Cancelled
461,Rodrigo,Sunderland,rsunderlandcs@unicef.org,Male,205.212.218.216,4906,United,Chã Grande,Springfield,07/06/2022,3:00 PM,8/7/2022,6:42 AM,C3,Cancelled
463,Stan,Stowgill,sstowgillcu@dagondesign.com,Male,18.63.91.161,9476,Delta,Kalayemule,El Zapote,17/06/2022,3:22 AM,11/10/2022,4:46 AM,C3,Cancelled
464,Kelby,Marques,kmarquescv@senate.gov,Male,215.32.152.93,2027,Delta,Krasyliv,Sigou,20/06/2022,11:55 AM,7/8/2022,5:56 AM,C3,Cancelled
466,Julie,Lownds,jlowndscx@arstechnica.com,Male,106.126.68.174,5249,American,Banjaranyar,Guizi,12/06/2022,6:16 AM,2/24/2022,10:39 PM,A1,Delayed
467,Abbott,Unger,aungercy@posterous.com,Male,6.248.129.206,6683,United,Fergana,Kuressaare,07/06/2022,6:46 AM,12/26/2022,8:06 AM,A1,Cancelled
468,Tucky,Albert,talbertcz@godaddy.com,Male,119.187.207.182,9915,Delta,Norrköping,Maoping,24/06/2022,12:31 AM,10/22/2022,4:41 AM,C3,Delayed
469,Boyd,Upham,buphamd0@sogou.com,Male,242.37.86.205,4716,American,Heshi,Hengliang,09/06/2022,7:19 AM,12/29/2022,2:36 AM,C3,Cancelled
470,Symon,Churching,schurchingd1@youtu.be,Male,5.130.12.208,2479,United,Dayou,Turets-Bayary,13/06/2022,10:06 PM,3/29/2022,3:17 PM,B2,Delayed
471,Andrea,Droghan,adroghand2@elegantthemes.com,Male,158.94.20.1,4216,American,Jiangzao,Huancapi,28/06/2022,3:33 AM,11/28/2022,8:05 PM,C3,On Time
472,Harvey,Compfort,hcompfortd3@comsenz.com,Male,234.182.75.34,1820,American,Kiltamagh,Czerwieńsk,16/06/2022,11:57 AM,8/10/2022,11:14 AM,C3,Delayed
473,Mal,Kinnon,mkinnond4@go.com,Male,180.87.46.148,3542,United,Mekon,Kakanj,03/06/2022,5:17 PM,6/7/2022,2:14 PM,B2,Delayed
475,Virgil,Rodgerson,vrodgersond6@stumbleupon.com,Male,207.188.117.74,3441,American,Carabayllo,Dongdong,18/06/2022,8:00 AM,11/3/2022,9:34 PM,A1,On Time
476,Wyn,Meehan,wmeehand7@discuz.net,Male,18.214.74.161,3804,American,Macroom,Jiahu,05/06/2022,9:28 PM,2/14/2022,5:33 PM,B2,Delayed
477,Luther,Kobisch,lkobischd8@ehow.com,Male,54.113.241.226,1935,Delta,Leninskoye,El Jem,11/06/2022,8:35 AM,7/4/2022,1:46 AM,A1,Delayed
478,Alfy,Ossenna,aossennad9@imdb.com,Male,43.39.81.248,3225,Delta,Bartošovice,Dosso,06/06/2022,11:55 PM,6/18/2022,11:06 PM,C3,Cancelled
479,Ab,Stabbins,astabbinsda@360.cn,Male,94.89.15.74,4876,Delta,Iwatsuki,Sollebrunn,19/06/2022,8:26 PM,7/18/2022,12:41 AM,C3,On Time
480,Franzen,MacCartair,fmaccartairdb@boston.com,Male,244.3.229.168,5755,Delta,Kelapa,Morteros,05/06/2022,7:40 AM,6/10/2022,11:51 AM,A1,Cancelled
481,Ikey,Sessions,isessionsdc@themeforest.net,Male,219.136.160.35,1318,American,Pamoyanan,Cilegong,16/06/2022,6:59 PM,10/20/2022,6:37 PM,C3,On Time
492,Goraud,Sidebotham,gsidebothamdn@surveymonkey.com,Male,227.60.7.90,8678,Delta,Xinshidu,Oranzherei,03/06/2022,9:32 AM,12/4/2022,5:49 AM,B2,Cancelled
495,Burk,Caddick,bcaddickdq@fastcompany.com,Male,249.218.154.164,8723,American,Parramos,Parigi,12/06/2022,9:44 AM,10/12/2022,11:15 PM,C3,Cancelled
496,Stan,Wallsworth,swallsworthdr@t-online.de,Male,160.81.212.178,1120,American,Tabug,Diancun,15/06/2022,10:51 PM,2/3/2022,9:29 AM,C3,Cancelled
497,Boothe,Chippin,bchippinds@pinterest.com,Male,200.178.213.41,2752,American,Donnacona,Stockholm,13/06/2022,6:45 PM,10/14/2022,6:57 AM,B2,On Time
498,Matthew,Sansum,msansumdt@stumbleupon.com,Male,34.161.158.35,8695,United,Ningchegu,Pasar,29/06/2022,4:40 AM,4/13/2022,1:26 AM,C3,On Time
502,Isak,Ambrus,iambrusdx@youtube.com,Male,90.28.123.235,5578,Delta,Oakland,Belfast,01/06/2022,9:27 PM,8/4/2022,6:27 PM,A1,Delayed
504,Hastings,Dumbarton,hdumbartondz@i2i.jp,Male,48.130.107.151,752,American,Rantepang,Tlogosari,09/06/2022,8:39 PM,3/29/2022,6:26 AM,A1,On Time
507,Sollie,Willoway,swillowaye2@storify.com,Male,238.108.191.24,8515,United,Pobé,Xinzha,26/06/2022,6:45 AM,9/10/2022,9:59 AM,C3,Delayed
509,Nevin,Kirlin,nkirline4@pinterest.com,Male,178.238.246.34,8044,Delta,Täby,Nishinomiya-hama,05/06/2022,6:08 AM,8/28/2022,2:51 AM,A1,On Time
511,Creighton,Tewkesberry,ctewkesberrye6@columbia.edu,Male,102.102.207.223,6000,United,San Francisco,Barda,09/06/2022,2:44 PM,7/5/2022,2:51 PM,A1,Cancelled
514,Rorke,Checci,rcheccie9@ox.ac.uk,Male,219.153.7.4,7254,Delta,Cigintung,Pancol,17/06/2022,10:16 PM,2/12/2022,10:16 PM,A1,Cancelled
517,Orton,Goldine,ogoldineec@cnbc.com,Male,95.178.39.43,1513,American,New Panamao,Karipidita,13/06/2022,3:28 AM,11/17/2022,3:45 PM,A1,Cancelled
523,Tucky,Straine,tstraineei@netvibes.com,Male,82.85.156.68,3602,United,Myingyan,Bronkhorstspruit,05/06/2022,12:49 AM,2/17/2022,7:31 PM,C3,On Time
526,Nikos,Curdell,ncurdellel@parallels.com,Male,46.137.18.158,4893,United,Ban Nahin,Hekou,12/06/2022,8:20 AM,10/24/2022,10:20 PM,B2,Cancelled
527,Cort,Townes,ctownesem@fastcompany.com,Male,154.78.25.172,8960,American,Ojos de Agua,Anávra,15/06/2022,1:36 PM,11/22/2022,7:53 AM,A1,Cancelled
528,Lev,Larby,llarbyen@cdc.gov,Male,144.15.0.241,9171,Delta,Campos Gerais,Castelões,13/06/2022,10:24 PM,12/15/2022,10:05 PM,A1,On Time
529,Morry,Cadigan,mcadiganeo@sohu.com,Male,57.149.252.97,4905,United,Balekambang,Refojos de Riba de Ave,24/06/2022,7:01 PM,12/24/2022,7:56 PM,A1,On Time
530,Barth,Gudgion,bgudgionep@symantec.com,Male,16.244.42.112,6965,Delta,Cherskiy,Núi Đối,16/06/2022,7:35 PM,4/22/2022,3:39 AM,C3,Cancelled
532,Isidoro,Licciardo,ilicciardoer@latimes.com,Male,115.36.105.69,1318,American,Göteborg,Otradnoye,06/06/2022,5:14 PM,11/23/2022,4:58 AM,B2,On Time
536,Armstrong,William,awilliamev@shareasale.com,Male,168.168.140.21,9805,Delta,Apalit,Masalovka,03/06/2022,10:59 PM,6/11/2022,3:07 AM,B2,Cancelled
538,Barnard,Moring,bmoringex@twitter.com,Male,70.42.232.250,3738,Delta,Rio Real,Yujiawu,20/06/2022,7:33 PM,12/8/2022,7:05 AM,A1,Cancelled
540,Moss,Rospars,mrosparsez@odnoklassniki.ru,Male,161.13.227.118,4605,United,El Aguilar,Sayyān,17/06/2022,4:20 AM,9/2/2022,11:30 PM,A1,Delayed
544,Allen,Smoughton,asmoughtonf3@lycos.com,Male,56.93.104.134,8917,American,Comillas Norte,Tangguhang,14/06/2022,9:43 AM,11/27/2022,6:09 AM,A1,Cancelled
546,Isaak,Berr,iberrf5@ocn.ne.jp,Male,95.214.157.159,9226,United,Santa Cruz De Tenerife,Morrelgonj,04/06/2022,9:57 PM,2/21/2022,11:26 AM,C3,On Time
548,Noby,Cousans,ncousansf7@phoca.cz,Male,27.224.100.54,5294,United,Spiczyn,Okrika,25/06/2022,12:25 AM,8/1/2022,4:35 AM,C3,Delayed
557,Warren,McGilben,wmcgilbenfg@imdb.com,Male,245.157.156.15,9591,Delta,Akankpa,Bershet’,19/06/2022,11:57 PM,12/16/2022,11:06 AM,B2,Delayed
560,Tristam,French,tfrenchfj@home.pl,Male,77.52.240.137,4196,Delta,Sundawenang,Pojan,03/06/2022,11:38 AM,10/1/2022,7:33 AM,C3,Cancelled
561,Josh,Finlay,jfinlayfk@tamu.edu,Male,95.140.32.22,6148,Delta,Ziliang,Birendranagar,26/06/2022,10:13 PM,5/12/2022,3:33 AM,B2,Delayed
562,Vinny,Blaschek,vblaschekfl@cargocollective.com,Male,106.60.214.206,8648,American,Cerenti,Zouérat,15/06/2022,5:35 AM,2/4/2022,11:06 AM,B2,On Time
564,Garek,Andreu,gandreufn@ed.gov,Male,48.132.221.249,6866,Delta,La Unión,Louisville,14/06/2022,5:13 AM,1/23/2022,10:18 AM,A1,Delayed
566,Ingrim,Ridings,iridingsfp@shinystat.com,Male,71.84.181.213,791,United,Ruixi,Reguenga,12/06/2022,6:00 AM,8/31/2022,5:42 PM,C3,On Time
567,Barney,Bunny,bbunnyfq@flickr.com,Male,206.227.202.218,6276,American,Vilyuchinsk,Erdaocha,14/06/2022,6:47 AM,4/22/2022,7:05 PM,B2,Cancelled
568,Lamar,McPhelimy,lmcphelimyfr@pinterest.com,Male,232.66.172.76,6417,Delta,Padangtikar,Ciénaga de Oro,09/06/2022,8:21 AM,12/21/2022,4:35 PM,B2,On Time
569,Morten,Goosnell,mgoosnellfs@naver.com,Male,63.230.82.144,686,United,Muaralabuh,Dalazi,17/06/2022,2:06 PM,7/7/2022,2:43 PM,A1,Cancelled
575,Perice,Alexsandrev,palexsandrevfy@examiner.com,Male,120.97.135.253,1512,United,Tete,Dushu,16/06/2022,9:35 PM,2/3/2022,5:52 AM,B2,Delayed
576,Sully,Greenig,sgreenigfz@tinypic.com,Male,188.193.199.29,8461,American,Askim,Krajan Kidul Rojopolo,21/06/2022,6:57 AM,4/27/2022,8:01 PM,C3,On Time
580,Wilmer,Golston,wgolstong3@cocolog-nifty.com,Male,220.210.170.142,3993,American,Fuyo,Zhanping,04/06/2022,10:23 PM,6/9/2022,4:41 AM,A1,Delayed
582,Franklin,Baitey,fbaiteyg5@ihg.com,Male,71.0.8.93,9319,Delta,Nanam,Kozhva,10/06/2022,10:03 AM,10/25/2022,9:50 AM,A1,Cancelled
583,Byran,Lettuce,blettuceg6@ucoz.com,Male,31.98.249.191,2633,American,Liucheng,Uva,20/06/2022,2:30 AM,9/10/2022,9:49 AM,A1,Delayed
585,Frasier,Neller,fnellerg8@ameblo.jp,Male,95.205.120.152,6301,United,Zhudian,Curridabat,29/06/2022,2:42 PM,5/4/2022,3:32 AM,C3,Delayed
588,Anthony,Filipson,afilipsongb@dion.ne.jp,Male,82.130.173.140,4201,United,Banja Luka,Gengqing,30/06/2022,5:33 AM,11/18/2022,8:43 PM,A1,Cancelled
589,Boy,Alleway,ballewaygc@tinypic.com,Male,46.201.13.64,7443,United,Kouvarás,Ureshino,17/06/2022,2:31 PM,6/25/2022,4:20 PM,B2,On Time
590,Phillipe,Showell,pshowellgd@deliciousdays.com,Male,159.8.90.112,5480,Delta,Huai’an,Lomintsevskiy,19/06/2022,5:03 PM,9/27/2022,10:52 PM,A1,Cancelled
592,Lionel,Minchi,lminchigf@abc.net.au,Male,10.209.180.169,8003,American,Río Grande,Fāraskūr,08/06/2022,10:44 AM,9/17/2022,7:56 AM,B2,On Time
594,Josiah,Simonini,jsimoninigh@seattletimes.com,Male,218.202.69.69,3655,Delta,Fushëkuqe,Pashiya,18/06/2022,9:26 PM,1/2/2022,11:15 PM,A1,Cancelled
595,Austen,O'Concannon,aoconcannongi@domainmarket.com,Male,27.49.245.15,7241,United,Gedongmulyo,Bairro dos Marinheiros,23/06/2022,8:44 AM,12/7/2022,1:57 AM,C3,On Time
597,Howey,Weeden,hweedengk@issuu.com,Male,39.107.140.118,918,Delta,Póvoa,Chaloem Phra Kiat,06/06/2022,5:41 AM,7/24/2022,11:26 PM,A1,On Time
598,Boniface,Avrasin,bavrasingl@last.fm,Male,246.180.70.125,6073,United,Rabāţ-e Sangī-ye Pā’īn,Idkū,29/06/2022,2:44 PM,8/21/2022,11:35 PM,A1,Delayed
607,Pen,Sentinella,psentinellagu@flavors.me,Male,81.135.46.4,6179,American,Turpo,Makoko,02/06/2022,4:27 PM,3/29/2022,7:51 PM,A1,Delayed
608,Stanton,Somerbell,ssomerbellgv@newyorker.com,Male,118.151.103.77,5584,United,Fangxiang,Xiangzikou,10/06/2022,1:44 PM,3/6/2022,6:32 PM,A1,Cancelled
609,Willy,Trousdell,wtrousdellgw@furl.net,Male,90.53.228.185,215,United,Oebatu,Isniq,13/06/2022,2:36 PM,1/15/2022,7:56 AM,B2,On Time
611,Clarance,Reven,crevengy@naver.com,Male,1.140.67.143,7343,United,Fleury-les-Aubrais,Louredo,30/06/2022,11:51 PM,6/3/2022,12:23 AM,A1,Cancelled
617,Carson,Mackin,cmackinh4@umn.edu,Male,63.186.71.196,3651,American,Bangad,Lidingö,22/06/2022,1:20 PM,8/24/2022,5:46 PM,A1,Delayed
618,Izak,Bonniface,ibonnifaceh5@pen.io,Male,112.59.156.25,7101,Delta,Szczytno,Madagali,18/06/2022,1:18 AM,11/5/2022,9:34 AM,B2,Delayed
625,Davis,Stookes,dstookeshc@zimbio.com,Male,210.21.177.254,5451,United,Guayaquil,Shuiyang,07/06/2022,2:56 AM,6/23/2022,2:40 AM,A1,Cancelled
626,Otis,Reburn,oreburnhd@bloglovin.com,Male,112.243.157.170,6939,American,Okpo,Aragua de Barcelona,10/06/2022,1:49 AM,8/22/2022,11:46 AM,C3,On Time
627,Joey,Cowup,jcowuphe@ox.ac.uk,Male,173.82.216.76,1540,United,Ryōtsu-minato,Bhamdoun,20/06/2022,8:04 PM,4/2/2022,9:43 AM,A1,Cancelled
628,Daniel,Ouslem,douslemhf@gizmodo.com,Male,56.7.101.225,8858,American,Ajung,Tul’chyn,19/06/2022,9:48 PM,1/29/2022,10:23 PM,A1,Delayed
633,Somerset,Benterman,sbentermanhk@nymag.com,Male,79.81.113.171,5476,United,Pineleng,Kuala Lumpur,21/06/2022,1:36 PM,9/10/2022,1:32 AM,C3,On Time
634,Sancho,Snelle,ssnellehl@comsenz.com,Male,218.70.118.93,8226,United,Boshchorbogh,Xin’an,30/06/2022,2:45 PM,3/21/2022,4:50 PM,A1,Cancelled
635,Fletcher,Pullan,fpullanhm@google.it,Male,235.100.228.203,6007,Delta,Phitsanulok,Talagasari,19/06/2022,1:18 PM,4/29/2022,10:58 AM,B2,Cancelled
637,Matthew,Vasyatkin,mvasyatkinho@gov.uk,Male,64.62.103.133,4907,Delta,Panamá,Tuanlin,30/06/2022,10:15 PM,2/24/2022,4:07 AM,B2,On Time
638,Leonhard,Leonardi,lleonardihp@sina.com.cn,Male,50.127.253.209,3786,United,Shebunino,Fuzhiping,22/06/2022,1:55 AM,11/24/2022,1:16 PM,A1,Cancelled
640,Norby,Rubinsohn,nrubinsohnhr@mlb.com,Male,227.232.125.37,7414,Delta,Nueva Requena,Paços de Ferreira,16/06/2022,2:44 PM,12/1/2022,9:50 AM,C3,Delayed
641,Evyn,Nisot,enisoths@addtoany.com,Male,4.49.84.52,9997,American,Kabarnet,Ndélé,11/06/2022,6:41 PM,5/29/2022,4:07 AM,B2,On Time
644,Skylar,Goering,sgoeringhv@youku.com,Male,194.108.156.149,6174,American,Bukabu,Round Rock,17/06/2022,1:17 PM,3/31/2022,8:05 AM,A1,Cancelled
645,Nikola,Tue,ntuehw@businessinsider.com,Male,57.171.216.189,4790,Delta,Fāryāb,Isidro Fabela,05/06/2022,12:42 AM,5/31/2022,11:24 AM,A1,Delayed
646,Yanaton,La Wille,ylawillehx@forbes.com,Male,173.54.78.72,7597,American,Englewood,Shuguang,26/06/2022,8:29 PM,3/31/2022,12:43 AM,C3,On Time
650,Kasper,Sangwine,ksangwinei1@about.me,Male,126.170.148.130,4844,United,Al Bayḑā’,Lunsar,10/06/2022,11:20 PM,8/16/2022,1:58 PM,B2,Cancelled
657,Gerome,Kearford,gkearfordi8@dropbox.com,Male,165.24.148.251,6494,Delta,Oslo,Figueira,12/06/2022,7:53 PM,11/25/2022,12:05 AM,A1,On Time
662,Pren,Ottery,potteryid@nps.gov,Male,8.142.19.226,7411,United,Morong,Ninh Hòa,27/06/2022,5:52 PM,11/4/2022,1:45 PM,B2,Delayed
663,Mickey,Denyukin,mdenyukinie@quantcast.com,Male,105.77.120.162,2256,Delta,Albany,Haizigou,18/06/2022,11:18 PM,10/13/2022,3:11 PM,C3,On Time
667,Hamlin,Sweeten,hsweetenii@joomla.org,Male,171.75.116.5,3279,United,Tornio,Kunów,29/06/2022,9:32 PM,1/10/2022,5:55 AM,A1,Delayed
668,Richart,MacMakin,rmacmakinij@boston.com,Male,242.107.57.197,8187,Delta,Smolenskaya,Chasŏng,28/06/2022,8:37 PM,11/16/2022,12:58 PM,C3,Delayed
670,Cly,Melchior,cmelchioril@fastcompany.com,Male,36.145.103.66,8467,Delta,Xiluodu,Atiquizaya,17/06/2022,7:50 PM,9/30/2022,7:05 AM,C3,Cancelled
672,Jed,Kingshott,jkingshottin@soundcloud.com,Male,53.171.195.241,204,United,Księżpol,Sambongmulyo,20/06/2022,8:31 AM,11/14/2022,2:58 PM,A1,Cancelled
673,Tome,Craven,tcravenio@mashable.com,Male,178.162.108.136,3371,United,"Palmas De Gran Canaria, Las",Castelsarrasin,11/06/2022,8:40 PM,1/20/2022,1:15 PM,A1,On Time
675,Tudor,Scholcroft,tscholcroftiq@flavors.me,Male,162.180.185.228,5755,Delta,Majāz al Bāb,Consolacion,25/06/2022,11:28 PM,12/18/2022,8:19 AM,C3,Cancelled
676,Dorey,Plows,dplowsir@netvibes.com,Male,49.124.175.230,2111,American,Salor,Obong,26/06/2022,3:19 PM,4/18/2022,10:59 AM,B2,Cancelled
677,Sigfrid,Huleatt,shuleattis@jalbum.net,Male,56.243.153.65,3822,American,Las Vegas,Ballyboden,28/06/2022,11:41 AM,4/14/2022,9:40 PM,C3,Cancelled
679,Pall,Haggath,phaggathiu@hc360.com,Male,173.46.212.167,1398,Delta,Besançon,Balzers,29/06/2022,9:32 PM,7/12/2022,1:41 PM,B2,Cancelled
682,Mattie,McCully,mmccullyix@ycombinator.com,Male,44.52.102.156,9734,American,Ciudad Sandino,Maanĭt,16/06/2022,5:34 PM,10/11/2022,4:58 PM,A1,On Time
684,Phillipe,Fay,pfayiz@prweb.com,Male,103.1.40.26,9207,United,Sangiang,Madrid,01/06/2022,10:00 AM,1/2/2022,2:07 AM,A1,Cancelled
687,Klemens,Siege,ksiegej2@loc.gov,Male,244.45.109.37,7932,United,Panxi,Bakuriani,03/06/2022,3:16 PM,12/23/2022,5:23 PM,C3,Delayed
695,Morton,Sancias,msanciasja@163.com,Male,181.129.211.108,3223,United,Segbwema,Pledo,28/06/2022,11:06 AM,3/11/2022,5:34 PM,C3,Delayed
698,Dietrich,Murtagh,dmurtaghjd@ow.ly,Male,94.175.125.231,7463,Delta,Makui,Thị Trấn Lâm,03/06/2022,5:35 PM,4/24/2022,5:40 AM,A1,Delayed
700,Abbe,Yole,ayolejf@cnn.com,Male,68.190.74.180,9914,American,Banho e Carvalhosa,Temirtau,25/06/2022,12:19 AM,4/11/2022,6:37 PM,B2,Delayed
703,Patrizio,Szabo,pszaboji@jigsy.com,Male,3.157.183.134,2796,United,Xiasha,Unaí,01/06/2022,3:23 PM,8/8/2022,6:29 PM,A1,Cancelled
705,Roland,Speke,rspekejk@geocities.com,Male,229.44.174.146,8506,Delta,Puerto Santander,Tairan Camp,18/06/2022,11:43 AM,4/14/2022,7:55 PM,C3,Cancelled
706,Evin,Osgar,eosgarjl@icq.com,Male,160.128.45.5,3480,United,Novogurovskiy,Richmond,28/06/2022,4:33 AM,11/20/2022,10:35 AM,A1,Cancelled
708,Gradeigh,Pinnington,gpinningtonjn@engadget.com,Male,115.120.176.154,3809,American,Wudan,Ruda Śląska,04/06/2022,5:45 AM,7/23/2022,5:41 AM,C3,On Time
710,Oberon,Dupree,odupreejp@liveinternet.ru,Male,93.76.90.63,3017,American,Pinheiro,Postřelmov,12/06/2022,12:57 AM,7/13/2022,2:16 PM,B2,On Time
711,Keene,de Bullion,kdebullionjq@harvard.edu,Male,28.39.185.225,6803,Delta,Hengbanqiao,Santiago Nonualco,14/06/2022,3:05 AM,8/4/2022,10:54 AM,C3,Cancelled
714,Dukie,Gullen,dgullenjt@about.com,Male,121.172.56.12,8252,United,Olinda,Hwasun,08/06/2022,9:56 AM,3/19/2022,11:45 AM,A1,Cancelled
720,Elliott,Traite,etraitejz@mysql.com,Male,118.34.108.140,6864,American,Woha,Shangqing,12/06/2022,1:34 PM,8/1/2022,10:25 PM,C3,Cancelled
721,Rusty,Gallacher,rgallacherk0@oracle.com,Male,213.109.9.58,9937,United,Kazuno,Frydrychowice,25/06/2022,9:47 PM,6/13/2022,12:50 PM,A1,Cancelled
722,Rhys,Archambault,rarchambaultk1@pinterest.com,Male,65.74.209.40,4758,Delta,Soweto,San Jerónimo,05/06/2022,8:40 AM,3/16/2022,1:00 AM,B2,On Time
723,Moore,Culverhouse,mculverhousek2@businessweek.com,Male,217.32.97.63,9554,Delta,Yasnyy,Modakeke,09/06/2022,10:38 AM,8/17/2022,6:57 AM,C3,Cancelled
724,Sheridan,Bielfeldt,sbielfeldtk3@sphinn.com,Male,155.53.3.12,8170,United,Luanda,Talok,24/06/2022,10:21 PM,9/3/2022,4:49 PM,A1,Delayed
726,Paco,Leyborne,pleybornek5@huffingtonpost.com,Male,177.81.57.59,3564,Delta,Sagopshi,Margaharja,27/06/2022,10:41 AM,3/24/2022,3:02 PM,B2,On Time
727,Vaughan,Cholmondeley,vcholmondeleyk6@domainmarket.com,Male,251.115.218.50,8097,American,Zhongtai,New York City,19/06/2022,10:57 AM,1/1/2022,10:07 AM,B2,Cancelled
730,Gabi,Michelet,gmicheletk9@blogger.com,Male,151.223.151.6,5628,American,Talisay,Kediri,20/06/2022,7:13 AM,5/18/2022,1:45 AM,A1,On Time
731,Marmaduke,Eisikovitsh,meisikovitshka@whitehouse.gov,Male,138.88.22.16,3173,United,Göteborg,Cavan,25/06/2022,7:20 PM,3/18/2022,3:37 PM,C3,Delayed
732,Lincoln,Langstaff,llangstaffkb@baidu.com,Male,40.166.76.94,4434,American,Doba,Hasuda,13/06/2022,7:31 AM,9/16/2022,2:31 AM,B2,On Time
733,Daven,Elliott,delliottkc@google.fr,Male,227.203.50.32,7797,American,Hinvi,Guandu,02/06/2022,8:36 PM,5/11/2022,6:07 PM,B2,Cancelled
736,Giulio,Baxter,gbaxterkf@exblog.jp,Male,235.130.172.206,2942,Delta,Huari,Ängelholm,15/06/2022,3:35 PM,12/11/2022,3:45 PM,B2,On Time
737,Gareth,Brittain,gbrittainkg@mlb.com,Male,136.148.210.62,8261,Delta,Brooklyn,Stetseva,13/06/2022,10:34 PM,3/15/2022,6:24 AM,B2,Delayed
754,Franz,Morit,fmoritkx@netscape.com,Male,160.113.23.156,823,American,Pasirmalang,Zouila,22/06/2022,11:45 PM,11/19/2022,12:26 PM,A1,Cancelled
756,Winny,Haxbie,whaxbiekz@vinaora.com,Male,92.221.83.48,4069,United,Yangba,Batulawang,30/06/2022,5:56 AM,12/11/2022,6:30 PM,C3,Cancelled
758,Baldwin,Cadagan,bcadaganl1@sakura.ne.jp,Male,146.26.238.254,1939,American,Radovitskiy,Mulyadadi,01/06/2022,1:13 AM,2/27/2022,7:22 AM,C3,On Time
761,Toby,Rodden,troddenl4@redcross.org,Male,155.100.65.138,7589,United,Corrego Grande,Atafu Village,14/06/2022,4:17 PM,1/13/2022,9:43 AM,C3,Delayed
766,Willy,Rains,wrainsl9@reuters.com,Male,176.2.84.44,3174,American,Azteca,Ōsaka-shi,28/06/2022,1:21 AM,12/9/2022,1:07 AM,B2,On Time
767,Cullen,Arr,carrla@zdnet.com,Male,51.138.68.61,5533,United,Longtou,Stockholm,28/06/2022,6:53 AM,11/4/2022,8:49 AM,B2,Cancelled
768,Skylar,Leyrroyd,sleyrroydlb@amazon.co.uk,Male,124.127.136.40,1703,Delta,Sidomulyo,Jetaral,13/06/2022,2:03 AM,3/20/2022,12:41 PM,A1,Cancelled
771,Ivan,Hillam,ihillamle@cisco.com,Male,64.1.177.59,7490,American,Águas Vermelhas,Sjöbo,17/06/2022,10:34 PM,9/12/2022,9:34 PM,A1,On Time
777,Meredeth,Beekman,mbeekmanlk@samsung.com,Male,48.212.66.194,9098,American,Rautalampi,Sarrat,15/06/2022,6:04 AM,9/15/2022,9:56 PM,B2,On Time
778,Mitchael,Murdie,mmurdiell@techcrunch.com,Male,248.81.50.139,9310,Delta,Altenberg bei Linz,Tucuran,09/06/2022,4:29 AM,11/29/2022,3:46 PM,C3,On Time
783,Heall,Behning,hbehninglq@instagram.com,Male,11.12.41.163,4747,Delta,Ortigueira,Kashar,22/06/2022,11:10 PM,12/27/2022,12:23 PM,B2,Delayed
784,Pauly,Farquarson,pfarquarsonlr@bbb.org,Male,43.185.50.240,9268,United,Kumla,Berëzovyy,13/06/2022,2:23 AM,11/4/2022,12:22 AM,B2,Delayed
786,Lemar,Greason,lgreasonlt@ihg.com,Male,74.216.220.135,8775,Delta,Argivai,Obsza,08/06/2022,2:56 AM,5/25/2022,11:12 PM,A1,On Time
787,Johnathan,Franken,jfrankenlu@google.it,Male,122.2.218.39,7374,United,Palhais,Dongdong,04/06/2022,9:27 AM,12/30/2022,12:29 AM,A1,On Time
788,Maurise,Devil,mdevillv@weibo.com,Male,130.138.119.25,3185,United,Banjarbaru,Kalāt,23/06/2022,3:15 AM,10/8/2022,5:52 PM,A1,Cancelled
789,Dukey,Chatteris,dchatterislw@behance.net,Male,218.251.60.207,9413,Delta,Lingbei,Samoš,15/06/2022,2:58 AM,11/17/2022,3:27 AM,B2,On Time
791,William,Hills,whillsly@bravesites.com,Male,207.180.243.12,9793,Delta,Bojongloa,Nueva Esperanza,17/06/2022,10:12 PM,8/26/2022,10:37 AM,C3,Cancelled
795,Bourke,Cromie,bcromiem2@baidu.com,Male,221.227.67.6,4970,American,Valday,Nowlamary,03/06/2022,4:11 AM,7/5/2022,5:03 PM,B2,Cancelled
796,Paolo,Nevitt,pnevittm3@sina.com.cn,Male,150.72.88.249,610,American,Funafuti,Huanghuatan,22/06/2022,7:04 AM,3/21/2022,4:17 AM,C3,Cancelled
797,Bernard,Ilyenko,bilyenkom4@dailymotion.com,Male,112.87.247.85,859,American,Kalebun,Burgastai,15/06/2022,5:40 PM,1/25/2022,2:21 AM,A1,Cancelled
798,Dalli,Wason,dwasonm5@nsw.gov.au,Male,13.234.17.16,5567,Delta,Na Di,Dujiajing,26/06/2022,1:13 AM,5/23/2022,7:46 PM,A1,On Time
801,Sandro,Welton,sweltonm8@last.fm,Male,147.115.116.249,1558,Delta,Fangli,Apeldoorn,11/06/2022,8:03 AM,9/6/2022,4:08 AM,C3,On Time
805,Cullin,Hennemann,chennemannmc@princeton.edu,Male,200.47.209.126,5469,United,Bichura,Domaradz,02/06/2022,7:59 PM,5/17/2022,11:18 PM,A1,Cancelled
807,Trevar,Gorst,tgorstme@census.gov,Male,186.141.37.233,4305,Delta,Daejeon,Xingxi,16/06/2022,4:40 PM,7/25/2022,12:44 AM,C3,Delayed
809,Cy,De Ath,cdeathmg@ftc.gov,Male,74.100.220.210,4098,United,Iba,Alkmaar,25/06/2022,3:00 PM,3/29/2022,11:06 AM,A1,Delayed
812,Troy,Spinke,tspinkemj@live.com,Male,61.156.205.60,7951,American,Granada,Yiyang,11/06/2022,9:09 AM,5/1/2022,3:21 PM,B2,On Time
814,Brok,Duley,bduleyml@printfriendly.com,Male,133.144.205.230,611,American,Maevatanana,Aleksinac,08/06/2022,1:17 AM,11/21/2022,3:12 PM,B2,Cancelled
815,Briano,Medlar,bmedlarmm@e-recht24.de,Male,249.93.168.3,4777,Delta,Nuevitas,Sainte-Sophie,23/06/2022,3:55 AM,9/18/2022,7:26 PM,B2,On Time
816,Jessie,Surgood,jsurgoodmn@ed.gov,Male,26.206.117.121,3034,Delta,Hancheng,Ḏânan,13/06/2022,9:53 PM,5/17/2022,7:09 PM,C3,On Time
817,Uri,Sollon,usollonmo@quantcast.com,Male,202.84.232.167,4759,American,Dahu,Krajan Curahcotok,18/06/2022,2:58 PM,10/28/2022,6:01 AM,C3,On Time
818,Teddy,Derby,tderbymp@mashable.com,Male,184.232.155.224,5791,American,Ban Nong Wua So,Huangtang,06/06/2022,1:19 AM,4/17/2022,7:41 AM,B2,On Time
820,Howie,Pollendine,hpollendinemr@example.com,Male,144.87.115.47,1272,Delta,Welisara,Cotahuasi,21/06/2022,8:19 AM,3/2/2022,8:59 AM,B2,Delayed
823,Mitchel,Mogie,mmogiemu@rediff.com,Male,61.94.62.45,3078,Delta,West Palm Beach,Mymensingh,21/06/2022,1:57 AM,1/30/2022,5:58 AM,B2,Delayed
825,Edgard,Moatt,emoattmw@china.com.cn,Male,37.253.133.214,9229,American,Yylanly,Kattaqo’rg’on,27/06/2022,12:25 AM,1/27/2022,4:17 AM,A1,Cancelled
826,Chris,Scantleberry,cscantleberrymx@seattletimes.com,Male,48.230.237.112,5347,Delta,Nassau,Dimovo,11/06/2022,1:37 AM,6/26/2022,11:58 PM,C3,Delayed
827,Niels,Queyos,nqueyosmy@arstechnica.com,Male,35.124.196.233,9792,American,Sorren Daya,Pitogo,16/06/2022,2:43 PM,2/16/2022,9:47 PM,C3,Cancelled
828,Dory,Bertomier,dbertomiermz@state.gov,Male,112.253.114.188,1550,American,Farriar,Penelas,07/06/2022,3:13 PM,8/27/2022,10:36 AM,A1,Delayed
829,Iago,Mewrcik,imewrcikn0@bbb.org,Male,13.39.187.178,7023,Delta,Niushou,Medina,28/06/2022,1:18 PM,3/18/2022,2:43 AM,C3,Delayed
832,Domenico,Banthorpe,dbanthorpen3@omniture.com,Male,186.253.94.134,5536,American,Yezhu,Roanne,10/06/2022,7:31 AM,1/20/2022,1:18 AM,A1,On Time
835,Papageno,Crennell,pcrennelln6@narod.ru,Male,13.105.253.126,8204,Delta,Dadukou,Zagórnik,23/06/2022,11:12 AM,11/23/2022,8:49 AM,C3,Cancelled
836,Kinnie,Longman,klongmann7@arstechnica.com,Male,252.61.127.91,5668,Delta,El Carmen,K Bang,29/06/2022,3:41 PM,5/15/2022,3:11 AM,C3,Cancelled
838,Billy,Leaning,bleaningn9@unicef.org,Male,195.248.55.31,9642,Delta,Sharīfābād,Zátor,25/06/2022,3:03 PM,9/25/2022,3:41 PM,A1,On Time
840,Buckie,Fellgatt,bfellgattnb@infoseek.co.jp,Male,13.165.209.141,8265,American,Macari,Shanghuang,28/06/2022,2:19 AM,9/23/2022,4:06 PM,A1,Delayed
841,Merwyn,Hutfield,mhutfieldnc@vimeo.com,Male,12.192.30.163,343,United,Rączna,Pondokaso,15/06/2022,12:21 AM,1/22/2022,6:06 AM,A1,Delayed
843,Manny,Stallan,mstallanne@networksolutions.com,Male,45.20.133.72,3858,Delta,Yangce,Lodwar,13/06/2022,4:58 PM,3/3/2022,5:27 AM,C3,Cancelled
844,Urson,Sebastian,usebastiannf@ifeng.com,Male,227.241.126.114,4417,United,Sölvesborg,Dnipryany,09/06/2022,11:28 AM,6/9/2022,7:59 PM,B2,Cancelled
846,Garry,Lumox,glumoxnh@csmonitor.com,Male,221.234.75.63,3860,United,Quảng Ngãi,Jalgung,14/06/2022,7:24 AM,4/5/2022,8:42 AM,A1,On Time
847,Nat,Merrien,nmerrienni@macromedia.com,Male,181.27.245.86,8029,American,Nagrog,Khodzha-Maston,19/06/2022,7:12 PM,4/2/2022,2:03 AM,B2,Delayed
849,Abbot,Wiggett,awiggettnk@de.vu,Male,250.254.191.157,3463,American,Laweueng,Dahongmen,02/06/2022,2:35 PM,11/1/2022,2:05 AM,C3,On Time
850,Ellswerth,Georgeot,egeorgeotnl@hexun.com,Male,248.71.231.46,5045,Delta,Chishan,Butiama,03/06/2022,5:17 PM,11/30/2022,5:08 AM,C3,On Time
857,Mordecai,Duinkerk,mduinkerkns@ft.com,Male,167.195.225.87,5517,United,Byerazino,Padurung,13/06/2022,8:38 AM,10/17/2022,6:49 AM,A1,Delayed
858,Tome,MacArdle,tmacardlent@sun.com,Male,115.92.50.169,1428,American,Ostroróg,Malainen Luma,08/06/2022,11:51 PM,12/6/2022,4:21 PM,A1,Cancelled
859,El,Stenbridge,estenbridgenu@dailymail.co.uk,Male,59.157.43.252,8693,American,Dĩ An,Merida,16/06/2022,7:34 AM,11/10/2022,6:09 AM,B2,Cancelled
860,Humfried,Winspear,hwinspearnv@yelp.com,Male,31.70.111.220,2198,Delta,Gaoyang,Unden,08/06/2022,2:17 AM,2/18/2022,9:54 AM,A1,On Time
861,Zaccaria,Helliwell,zhelliwellnw@admin.ch,Male,94.13.93.213,6583,Delta,Sélestat,Dubá,13/06/2022,10:16 AM,6/25/2022,2:33 AM,B2,On Time
864,Benito,Donegan,bdonegannz@oaic.gov.au,Male,97.220.224.66,4871,United,Buckland,Moca,28/06/2022,7:42 AM,8/14/2022,11:36 PM,B2,Cancelled
866,Dermot,Pynner,dpynnero1@trellian.com,Male,174.168.62.2,9195,Delta,Klutuk,Psará,23/06/2022,7:55 PM,3/14/2022,5:51 AM,B2,On Time
867,Sergio,MacCallion,smaccalliono2@slashdot.org,Male,32.129.243.40,4879,United,Binalonan,Kyzyl-Kyya,09/06/2022,11:24 AM,8/14/2022,11:29 PM,A1,Delayed
868,Janek,Hought,jhoughto3@prlog.org,Male,203.250.99.144,7260,American,Alkmaar,Pincher Creek,20/06/2022,2:49 PM,3/30/2022,2:56 PM,B2,Cancelled
869,Giacobo,Houlston,ghoulstono4@blogspot.com,Male,181.12.35.40,2873,United,Yerazgavors,Gosen,29/06/2022,11:17 AM,3/15/2022,6:30 PM,B2,Cancelled
873,Harwilll,Goddman,hgoddmano8@jiathis.com,Male,44.150.13.106,2067,American,Konso,Huaqiao,23/06/2022,10:06 AM,10/20/2022,3:51 PM,C3,Cancelled
874,Francisco,Carnilian,fcarniliano9@mozilla.com,Male,237.248.159.71,1329,United,General Belgrano,Muyudian,11/06/2022,12:15 PM,2/6/2022,12:10 AM,B2,Delayed
876,Ernie,Wilsone,ewilsoneob@ask.com,Male,166.75.193.154,2969,United,Pak Thong Chai,Kasreman,11/06/2022,4:58 AM,10/21/2022,3:22 PM,C3,On Time
877,Othello,Paffley,opaffleyoc@symantec.com,Male,223.23.22.89,5511,American,Duwaktenggi,Tarui,05/06/2022,12:15 PM,3/31/2022,8:25 PM,C3,Cancelled
878,Lorens,Lorand,llorandod@shinystat.com,Male,17.249.78.125,3321,Delta,Temuji,Sukamahi Satu,22/06/2022,9:31 PM,4/14/2022,12:16 AM,C3,Cancelled
885,Giraldo,Beecraft,gbeecraftok@nifty.com,Male,234.101.168.163,7442,American,Gresik,Umeå,27/06/2022,1:44 PM,4/9/2022,3:15 AM,C3,On Time
886,Dexter,Sandyfirth,dsandyfirthol@hao123.com,Male,106.150.234.105,589,Delta,Yangchao,Albertville,05/06/2022,1:40 PM,12/7/2022,5:36 AM,A1,On Time
887,Langsdon,Pandya,lpandyaom@cdbaby.com,Male,42.13.151.242,9105,United,Corcuera,Kaoshan,22/06/2022,1:38 AM,1/21/2022,8:53 PM,A1,Cancelled
888,Finley,Fain,ffainon@pbs.org,Male,192.128.238.10,7427,United,Salor,Titao,03/06/2022,7:51 AM,11/8/2022,3:47 AM,B2,Cancelled
889,Vittorio,Alabaster,valabasteroo@imageshack.us,Male,114.179.249.66,5933,American,Bāndarban,Jaguariaíva,21/06/2022,3:11 AM,2/25/2022,4:10 AM,C3,On Time
896,Carny,Duffell,cduffellov@odnoklassniki.ru,Male,55.28.182.50,6718,Delta,Sucre,Stebnyk,23/06/2022,11:53 PM,2/19/2022,10:02 PM,C3,Cancelled
899,Lewie,Dent,ldentoy@nsw.gov.au,Male,240.126.199.220,5941,United,Didou,Gävle,25/06/2022,6:10 AM,12/23/2022,11:03 PM,C3,On Time
903,Massimo,Derisley,mderisleyp2@geocities.jp,Male,181.35.246.47,6269,United,Vila Franca do Campo,Crossfield,26/06/2022,3:51 AM,1/21/2022,9:12 PM,B2,On Time
906,Tull,Leaf,tleafp5@tripod.com,Male,252.60.163.217,4943,American,Tangkeng,Sevsk,16/06/2022,11:53 PM,11/16/2022,11:57 PM,A1,Cancelled
909,Hal,Binestead,hbinesteadp8@admin.ch,Male,236.238.195.203,9046,American,Gunungmanik,Vorob’yovo,18/06/2022,5:35 PM,5/30/2022,5:07 AM,C3,On Time
911,Gardie,Ballinger,gballingerpa@delicious.com,Male,92.126.12.140,8617,United,Huang’ao,Vila Verde,14/06/2022,10:06 PM,12/18/2022,5:45 AM,A1,On Time
915,Peder,Dunlap,pdunlappe@nbcnews.com,Male,96.67.203.244,5677,United,Alak,Pathum Thani,18/06/2022,10:28 PM,12/5/2022,12:27 PM,B2,On Time
916,Sanford,Phayre,sphayrepf@studiopress.com,Male,31.178.70.202,4551,Delta,Dashkawka,Escola,07/06/2022,4:37 PM,5/3/2022,8:13 PM,C3,Cancelled
917,Nahum,Linck,nlinckpg@china.com.cn,Male,252.249.33.78,1921,American,Chenghe,Tewulike,28/06/2022,12:04 AM,10/9/2022,1:19 PM,C3,Cancelled
919,Calv,Auchinleck,cauchinleckpi@simplemachines.org,Male,88.200.74.125,3344,Delta,Semampirbarat,Sherwood Park,05/06/2022,6:17 PM,6/22/2022,10:17 PM,A1,Delayed
920,Toby,Gallaccio,tgallacciopj@fc2.com,Male,162.218.24.85,7190,Delta,Sulahan,Zhamog,29/06/2022,6:24 PM,9/20/2022,7:36 PM,B2,Delayed
921,Tommy,Sheddan,tsheddanpk@seattletimes.com,Male,222.243.18.76,2503,United,Svilajnac,Jelisavac,25/06/2022,3:16 AM,11/8/2022,3:35 PM,C3,Cancelled
922,Addie,Josefsohn,ajosefsohnpl@admin.ch,Male,52.216.130.148,4850,American,Longjing,Bantay,10/06/2022,4:21 AM,4/14/2022,5:11 AM,C3,On Time
925,Sonnie,Yedall,syedallpo@utexas.edu,Male,91.85.224.114,7118,Delta,Maliang,Ntaur Satu,18/06/2022,1:00 PM,10/19/2022,9:24 AM,A1,Delayed
927,Judon,Lorenzo,jlorenzopq@mozilla.org,Male,35.59.53.114,1273,American,San Vicente,Talagante,16/06/2022,10:17 AM,4/19/2022,4:58 PM,A1,Cancelled
928,Lem,Jakes,ljakespr@theatlantic.com,Male,141.86.81.123,7745,Delta,Novokhovrino,Changtang,14/06/2022,3:21 AM,6/23/2022,1:44 AM,A1,On Time
929,Fran,Tuckey,ftuckeyps@house.gov,Male,153.126.142.205,5616,American,Quiaios,Lishu,20/06/2022,6:06 PM,4/21/2022,8:22 PM,C3,Delayed
930,Parrnell,Phoenix,pphoenixpt@google.com,Male,34.242.179.159,9642,Delta,La Esperanza,Sydney,02/06/2022,2:34 PM,3/14/2022,1:37 AM,B2,Cancelled
934,Romain,Robiou,rrobioupx@infoseek.co.jp,Male,174.228.242.156,5036,United,Vicente Guerrero,Dallas,01/06/2022,8:49 PM,6/21/2022,11:32 PM,A1,Delayed
935,Lon,Waight,lwaightpy@wiley.com,Male,91.235.51.228,5837,American,Bulakbanjar,Illintsi,18/06/2022,7:15 PM,5/5/2022,4:42 AM,A1,Delayed
936,Walton,Colquite,wcolquitepz@phpbb.com,Male,36.131.125.117,7130,United,Ashgabat,Bergen,14/06/2022,2:58 AM,12/30/2022,6:40 AM,C3,On Time
940,Marietta,Hanrahan,mhanrahanq3@tmall.com,Male,36.19.16.185,5478,American,Laranjeiras,Laoag,04/06/2022,5:47 PM,7/26/2022,7:00 AM,C3,Delayed
941,Farrell,Lorenz,florenzq4@nbcnews.com,Male,235.164.250.90,678,Delta,Herong,Domanín,16/06/2022,3:48 AM,2/5/2022,10:00 AM,C3,On Time
943,Luce,Chateau,lchateauq6@tmall.com,Male,3.7.250.209,4778,American,Prioso Barat,Linan,22/06/2022,1:44 AM,9/17/2022,2:49 PM,A1,Delayed
946,Florian,Welchman,fwelchmanq9@nytimes.com,Male,228.17.168.5,986,United,Znamenka,Leifeng,07/06/2022,12:15 AM,11/8/2022,8:29 AM,C3,Delayed
947,Yuma,Cordingley,ycordingleyqa@apple.com,Male,124.74.184.216,427,United,Taxisco,Shaba,23/06/2022,12:20 AM,2/11/2022,2:25 PM,B2,On Time
949,Gerry,McArley,gmcarleyqc@npr.org,Male,141.171.121.31,1368,Delta,Newport News,Burujul,24/06/2022,10:53 AM,9/20/2022,4:31 PM,C3,Cancelled
950,Welsh,Dudden,wduddenqd@dell.com,Male,18.111.141.102,697,American,Jeffrey’s Bay,La Cruz,06/06/2022,4:04 PM,3/3/2022,9:30 AM,C3,Cancelled
951,Broddy,Halbord,bhalbordqe@mit.edu,Male,58.148.173.70,854,American,Horní Štěpánov,Wendo,06/06/2022,10:08 AM,9/12/2022,6:35 AM,C3,On Time
952,Norrie,McNee,nmcneeqf@t.co,Male,48.77.200.15,860,United,Lipinki Łużyckie,Brades,05/06/2022,10:03 AM,2/2/2022,4:13 AM,A1,Delayed
953,Amby,Quested,aquestedqg@reverbnation.com,Male,90.113.70.212,6344,Delta,Saint Ann’s Bay,Lantang,06/06/2022,2:58 PM,7/27/2022,1:28 AM,A1,Delayed
955,Dougie,McWhannel,dmcwhannelqi@fda.gov,Male,111.132.255.188,1291,United,Bibiani,Tiandu,03/06/2022,10:32 PM,2/24/2022,8:45 PM,C3,Cancelled
958,Franky,Genery,fgeneryql@yandex.ru,Male,109.19.198.72,2653,Delta,Shahbā,Lucas,17/06/2022,6:25 AM,2/4/2022,1:04 PM,B2,Delayed
959,Culver,Carillo,ccarilloqm@devhub.com,Male,129.130.203.194,6340,United,Raofeng,Mandala,15/06/2022,12:00 PM,11/29/2022,5:58 PM,B2,Delayed
962,Husain,Olyet,holyetqp@cdbaby.com,Male,76.35.123.189,5622,American,Alberton,Kedungwaru,19/06/2022,3:42 PM,12/4/2022,8:50 AM,B2,On Time
963,Tedmund,Heaps,theapsqq@msu.edu,Male,73.118.41.158,628,Delta,Lanxi,Lianhe,29/06/2022,4:45 AM,6/25/2022,4:50 PM,C3,On Time
965,Artemis,Pitherick,apitherickqs@joomla.org,Male,18.34.22.186,6320,United,Morrito,Kaberamaido,10/06/2022,7:06 AM,7/7/2022,7:17 AM,B2,On Time
966,Tulley,Surguine,tsurguineqt@slideshare.net,Male,91.11.199.231,2166,American,Sosnovyy Bor,Sobreda,19/06/2022,11:51 PM,2/22/2022,2:43 PM,A1,Cancelled
969,Bernhard,Roome,broomeqw@sohu.com,Male,177.52.101.9,8370,Delta,Mariestad,San Juan de Mata,21/06/2022,4:29 PM,1/9/2022,2:58 AM,B2,Delayed
977,Colan,Wallege,cwalleger4@indiegogo.com,Male,104.109.254.100,6372,Delta,‘Alī al Gharbī,Buea,13/06/2022,11:53 PM,12/4/2022,1:16 PM,C3,Cancelled
980,Jonas,Juszczyk,jjuszczykr7@reuters.com,Male,32.71.182.74,9076,American,Shimonoseki,Langtou,10/06/2022,6:44 PM,8/25/2022,2:54 PM,A1,Delayed
981,Hubie,Manach,hmanachr8@blogger.com,Male,221.51.172.18,4497,Delta,Mīrpur Sakro,Shuangcheng,09/06/2022,6:49 AM,9/10/2022,10:33 PM,C3,Delayed
982,Sancho,Caso,scasor9@illinois.edu,Male,36.184.110.186,1052,Delta,Colonia Neuland,Espinho,09/06/2022,9:02 PM,9/9/2022,10:10 PM,C3,Delayed
983,Erv,Askaw,easkawra@un.org,Male,182.223.200.170,9523,United,Trinidad,Martakert,08/06/2022,4:03 PM,10/15/2022,9:25 PM,B2,On Time
984,Heall,Van Giffen,hvangiffenrb@apple.com,Male,141.254.17.130,6080,Delta,Misawa,Partikan,05/06/2022,3:45 PM,3/2/2022,4:31 AM,A1,Cancelled
985,Barnaby,Menci,bmencirc@fc2.com,Male,2.145.31.242,2153,American,Murom,São Bento,01/06/2022,6:36 PM,2/28/2022,8:48 PM,B2,Delayed
987,Adriano,Lusted,alustedre@disqus.com,Male,87.218.127.109,7646,American,Stamáta,Bordeaux,24/06/2022,11:56 AM,1/25/2022,2:04 PM,A1,Cancelled
990,Frannie,Pflieger,fpfliegerrh@sakura.ne.jp,Male,180.196.126.128,5198,Delta,Ningzhong,Karanglo,08/06/2022,9:03 AM,8/17/2022,12:32 AM,B2,Delayed
992,Nevins,Midgley,nmidgleyrj@google.nl,Male,66.130.37.241,8911,American,Stěbořice,Ōno-hara,28/06/2022,6:55 AM,11/14/2022,3:14 PM,B2,Cancelled
994,Roddy,Mealing,rmealingrl@cornell.edu,Male,158.44.5.205,3421,American,Xilong,Azul,03/06/2022,9:01 PM,7/25/2022,6:31 AM,C3,Cancelled
996,Dorey,Awde,dawdern@github.io,Male,146.251.174.28,3482,United,Luz de Tavira,Richmond,27/06/2022,5:37 PM,5/21/2022,1:22 AM,A1,Delayed
997,Dicky,Cicullo,dciculloro@walmart.com,Male,244.125.189.216,7239,American,Nkurenkuru,Ash Shaykh ‘Uthmān,06/06/2022,2:39 AM,10/11/2022,5:46 AM,B2,On Time
999,Ferdie,Houseman,fhousemanrq@washington.edu,Male,19.175.33.212,2828,Delta,Thị Trấn Hùng Quốc,Nungga,11/06/2022,5:07 AM,11/24/2022,7:56 AM,B2,On Time
